Entry ID,Deposition Date,Refinement Resolution (Ã…),Unnamed: 3
1FC5,2000-07-17,2.2,
1HO1,2000-12-08,2.0,
1HO4,2000-12-08,2.3,
1I24,2001-02-05,1.2,
1I2B,2001-02-07,1.75,
1I2C,2001-02-07,1.6,
1IXN,2002-06-28,2.3,
1IXO,2002-06-28,2.3,
1IXP,2002-06-28,2.3,
1IXQ,2002-06-28,2.3,
1IZ6,2002-09-25,2.0,
1JY8,2001-09-11,2.5,
1L5A,2002-03-06,2.55,
1M5W,2002-07-10,1.96,
1MKZ,2002-08-29,1.6,
1MWR,2002-10-01,2.45,
1MWS,2002-10-01,2.0,
1MWT,2002-10-01,2.45,
1MWU,2002-10-01,2.6,
1N0E,2002-10-13,2.7,
1N0F,2002-10-13,2.8,
1N0G,2002-10-13,2.8,
1N9W,2002-11-26,2.3,
1NCE,2002-12-05,2.4,
1NP6,2003-01-17,1.9,
1NQ4,2003-01-21,,
1NWV,2003-02-07,,
1O13,2002-10-15,1.83,
1OR5,2003-03-11,,
1OTV,2003-03-23,2.1,
1OTW,2003-03-23,2.3,
1P9N,2003-05-12,2.8,
1PN6,2003-06-12,10.8,
1Q15,2003-07-18,2.3,
1Q19,2003-07-18,2.4,
1QZD,2003-09-16,10.0,
1R2K,2003-09-28,2.1,
1RDU,2003-11-06,,
1RP0,2003-12-02,1.6,
1RZ4,2003-12-23,2.1,
1S7J,2004-01-29,2.3,
1SQI,2004-03-18,2.15,
1SR8,2004-03-22,1.9,
1TO9,2004-06-14,2.4,
1TUO,2004-06-25,1.7,
1TXK,2004-07-05,2.5,
1TYG,2004-07-07,3.15,
1U0M,2004-07-13,2.22,
1UC8,2003-04-09,2.0,
1UC9,2003-04-09,2.38,
1UWD,2004-02-03,,
1VK8,2004-05-05,1.8,
1VKM,2004-06-09,1.9,
1VKU,2004-06-18,2.0,
1VLI,2004-07-27,2.38,
1VQQ,2004-12-17,1.8,
1VRM,2005-03-10,1.58,
1WI8,2004-05-28,,
1WV2,2004-12-10,2.9,
1WZU,2005-03-09,2.0,
1X8D,2004-08-18,1.8,
1XM3,2004-10-01,1.8,
1XUA,2004-10-26,1.9,
1XUB,2004-10-26,1.3,
1XUU,2004-10-26,1.9,
1XUZ,2004-10-26,2.2,
1Y2Y,2004-11-23,,
1Y5E,2004-12-02,1.9,
1Z6H,2005-03-22,,
1ZNN,2005-05-11,2.2,
2A7K,2005-07-05,2.24,
2A81,2005-07-07,3.15,
2APG,2005-08-16,1.9,
2AQJ,2005-08-18,1.8,
2AR8,2005-08-19,2.2,
2ARD,2005-08-19,2.6,
2AVA,2005-08-29,,
2B1F,2005-09-15,1.5,
2B22,2005-09-16,2.0,
2B8F,2005-10-06,,
2B8G,2005-10-06,,
2D3W,2005-10-03,2.5,
2E8B,2007-01-19,1.61,
2EDG,2007-02-14,,
2EEY,2007-02-19,1.94,
2EKN,2007-03-23,2.05,
2F1R,2005-11-15,2.1,
2F98,2005-12-05,2.1,
2F99,2005-12-05,1.9,
2FAC,2005-12-07,1.76,
2FAD,2005-12-07,1.6,
2FAE,2005-12-07,1.55,
2FCT,2005-12-12,1.6,
2FCU,2005-12-12,1.6,
2FCV,2005-12-12,1.8,
2FUP,2006-01-27,1.48,
2FVA,2006-01-30,,
2FVE,2006-01-30,,
2FVF,2006-01-30,,
2G02,2006-02-10,2.5,
2G0D,2006-02-12,2.21,
2G4R,2006-02-22,1.92,
2G5F,2006-02-22,1.8,
2GRV,2006-04-25,2.4,
2H3G,2006-05-22,2.0,
2HES,2006-06-22,1.7,
2HTM,2006-07-26,2.3,
2HXV,2006-08-04,1.8,
2HY6,2006-08-04,1.25,
2IDE,2006-09-15,1.9,
2IIH,2006-09-28,1.75,
2IPZ,2006-10-12,1.35,
2JDJ,2007-01-10,2.0,
2JUG,2007-08-24,,
2K5P,2008-06-30,,
2KG6,2009-03-06,,
2KG8,2009-03-06,,
2KG9,2009-03-07,,
2KGA,2009-03-07,,
2KGC,2009-03-08,,
2KGD,2009-03-08,,
2KGE,2009-03-08,,
2KHR,2009-04-10,,
2L22,2010-08-10,,
2LEK,2011-06-16,,
2LRJ,2012-04-03,,
2M5O,2013-03-01,,
2MR7,2014-07-02,,
2MR8,2014-07-02,,
2MVU,2014-10-15,,
2MVV,2014-10-15,,
2N50,2015-07-02,,
2NQK,2006-10-31,2.9,
2NQM,2006-10-31,3.0,
2NQN,2006-10-31,2.2,
2NQQ,2006-10-31,2.4,
2NQR,2006-10-31,2.2,
2NQS,2006-10-31,2.5,
2NQU,2006-10-31,2.7,
2NQV,2006-10-31,2.82,
2NRN,2006-11-02,1.4,
2NRO,2006-11-02,2.5,
2NRP,2006-11-02,3.0,
2NRS,2006-11-02,2.8,
2O66,2006-12-06,1.9,
2O67,2006-12-06,2.5,
2OHD,2007-01-10,2.2,
2P38,2007-03-08,1.8,
2P7R,2007-03-20,,
2PRV,2007-05-04,1.3,
2PX0,2007-05-14,3.0,
2PX3,2007-05-14,3.2,
2PYX,2007-05-16,1.5,
2Q6I,2007-06-05,2.6,
2Q6K,2007-06-05,1.55,
2Q6L,2007-06-05,2.72,
2Q6O,2007-06-05,2.0,
2QD2,2007-06-20,2.2,
2QGM,2007-06-29,1.7,
2QGO,2007-06-29,2.04,
2RAD,2007-09-14,2.75,
2RER,2007-09-26,1.9,
2RES,2007-09-26,2.2,
2REZ,2007-09-27,1.95,
2V7I,2007-07-30,1.75,
2V7J,2007-07-30,2.0,
2V7K,2007-07-30,1.7,
2V7L,2007-07-30,2.4,
2V7M,2007-07-30,2.0,
2W6K,2008-12-18,1.7,
2W6L,2008-12-18,1.89,
2WFB,2009-04-03,2.0,
2WMC,2009-06-30,2.2,
2X0O,2009-12-16,2.4,
2X0P,2009-12-16,2.1,
2X0Q,2009-12-16,1.96,
2X2B,2010-01-12,2.69,
2X66,2010-02-15,2.09,
2X67,2010-02-15,2.16,
2X68,2010-02-15,2.13,
2X6Q,2010-02-19,2.2,
2XA1,2010-03-26,2.47,
2XA2,2010-03-26,2.5,
2XA9,2010-03-30,2.5,
2XEM,2010-05-17,2.1,
2Y4X,2011-01-11,1.7,
2Y4Y,2011-01-11,1.7,
2Z2L,2007-05-23,2.85,
2Z2M,2007-05-23,2.6,
2Z7E,2007-08-20,2.3,
2ZC3,2007-11-02,2.5,
2ZC4,2007-11-02,2.8,
2ZC5,2007-11-02,3.0,
2ZC6,2007-11-02,2.7,
3A3U,2009-06-20,1.65,
3A8E,2009-10-05,3.0,
3AJ1,2010-05-20,2.5,
3AJ2,2010-05-20,2.7,
3B4O,2007-10-24,1.9,
3B4P,2007-10-24,1.7,
3B55,2007-10-25,2.3,
3B8M,2007-11-01,2.7,
3B8N,2007-11-01,3.1,
3B8O,2007-11-01,2.4,
3BMZ,2007-12-13,1.21,
3BTN,2007-12-30,2.05,
3BY5,2008-01-15,2.52,
3C12,2008-01-22,2.51,
3CE7,2008-02-28,1.64,
3CKM,2008-03-16,1.35,
3CNM,2008-03-26,1.65,
3CNY,2008-03-26,1.85,
3CWI,2008-04-21,1.9,
3DWU,2008-07-23,12.6,
3DZB,2008-07-29,2.46,
3DZL,2008-07-30,1.75,
3EDN,2008-09-03,1.5,
3EPM,2008-09-29,2.793,
3EPN,2008-09-29,2.11,
3EPO,2008-09-29,2.1,
3EQU,2008-10-01,2.4,
3EQV,2008-10-01,2.4,
3EX9,2008-10-16,2.2,
3EZ9,2008-10-22,2.8,
3EZF,2008-10-22,2.8,
3FF0,2008-12-01,1.9,
3FFE,2008-12-03,2.25,
3FJS,2008-12-15,1.9,
3FM0,2008-12-19,1.7,
3FPZ,2009-01-06,1.82,
3G2B,2009-01-31,1.66,
3G3O,2009-02-02,2.1,
3G3Q,2009-02-02,2.64,
3G3R,2009-02-02,2.0,
3G3T,2009-02-02,1.85,
3G3U,2009-02-02,2.07,
3G7D,2009-02-09,1.8,
3G8R,2009-02-12,2.49,
3GBF,2009-02-19,1.92,
3GJA,2009-03-08,2.2,
3GJB,2009-03-08,2.2,
3GLV,2009-03-12,1.99,
3GZ7,2009-04-06,2.15,
3GZL,2009-04-07,2.55,
3GZM,2009-04-07,1.8,
3H50,2009-04-21,1.6,
3H7J,2009-04-27,1.87,
3H7Y,2009-04-28,2.22,
3H9A,2009-04-30,2.04,
3HGU,2009-05-14,1.95,
3HGV,2009-05-14,2.3,
3HRQ,2009-06-09,1.8,
3IAV,2009-07-14,1.75,
3IB9,2009-07-15,2.0,
3IBB,2009-07-15,3.5,
3IEB,2009-07-22,2.1,
3IX1,2009-09-03,2.4,
3JQJ,2009-09-07,1.9,
3JQK,2009-09-07,1.75,
3JQM,2009-09-07,2.5,
3JR2,2009-09-08,1.8,
3JSK,2009-09-10,2.7,
3JUM,2009-09-15,1.45,
3JUN,2009-09-15,1.8,
3JUO,2009-09-15,2.2,
3JUP,2009-09-15,1.9,
3JUQ,2009-09-15,1.75,
3JXP,2009-09-21,2.2,
3K9G,2009-10-15,2.25,
3K9H,2009-10-15,2.25,
3KY8,2009-12-04,2.12,
3L2K,2009-12-15,2.8,
3L3B,2009-12-16,1.9,
3LNV,2010-02-03,2.0,
3LUU,2010-02-18,1.93,
3LX3,2010-02-24,1.55,
3LZC,2010-03-01,2.261,
3LZD,2010-03-01,2.1,
3LZE,2010-03-01,1.9,
3M0N,2010-03-03,1.9,
3MSQ,2010-04-29,2.85,
3NGW,2010-06-13,2.31,
3NNF,2010-06-23,2.201,
3NNJ,2010-06-23,2.601,
3NNL,2010-06-23,2.883,
3NNM,2010-06-23,2.69,
3O05,2010-07-19,2.2,
3O06,2010-07-19,2.35,
3O07,2010-07-19,1.8,
3O31,2010-07-23,1.7,
3OI9,2010-08-18,1.95,
3PL0,2010-11-12,1.91,
3PZY,2010-12-14,1.8,
3RFQ,2011-04-06,2.25,
3T4F,2011-07-25,1.68,
3TCR,2011-08-09,2.3,
3TFZ,2011-08-16,2.39,
3TL1,2011-08-29,1.8,
3TO3,2011-09-03,2.382,
3U29,2011-10-02,2.0,
3WBI,2013-05-20,2.35,
3WBJ,2013-05-20,2.495,
3WBK,2013-05-20,3.3,
3WVQ,2014-06-04,1.955,
3WVR,2014-06-04,2.175,
4CT8,2014-03-12,2.16,
4CT9,2014-03-12,2.14,
4CTA,2014-03-12,2.21,
4DUN,2012-02-22,1.76,
4EXQ,2012-04-30,1.65,
4FDF,2012-05-28,2.202,
4FKZ,2012-06-14,1.69,
4HVM,2012-11-06,2.704,
4I7U,2012-11-30,1.55,
4I7V,2012-12-01,1.45,
4I7W,2012-12-01,1.3,
4J7G,2013-02-13,1.7,
4J7H,2013-02-13,1.69,
4JN3,2013-03-14,1.69,
4JN5,2013-03-14,2.44,
4K25,2013-04-08,2.88,
4K51,2013-04-12,2.65,
4NAG,2013-10-22,0.81,
4OYH,2014-02-12,2.409,
4P2S,2014-03-03,1.94,
4PNE,2014-05-23,1.5,
4PYD,2014-03-26,3.186,
4R0R,2014-08-01,2.15,
4RHP,2014-10-02,2.393,
4TWG,2014-06-30,1.85,
4UUW,2014-07-31,1.98,
4UUX,2014-07-31,1.99,
4W4R,2014-08-15,1.92,
4W4S,2014-08-15,2.0,
4WD9,2014-09-08,2.9,
4WJS,2014-10-01,1.8,
4WJU,2014-10-01,2.8,
4Y0W,2015-02-06,2.5,
4Y4L,2015-02-10,2.0,
4Y4M,2015-02-10,2.71,
4Y4N,2015-02-10,2.1,
4YX6,2015-03-22,1.86,
4ZXH,2015-05-20,2.7,
4ZXI,2015-05-20,2.9,
5BY8,2015-06-10,1.515,
5C05,2015-06-12,1.65,
5D84,2015-08-15,1.45,
5D85,2015-08-15,1.92,
5D86,2015-08-15,1.5,
5D87,2015-08-15,1.5,
5D9R,2015-08-18,2.052,
5EJD,2015-11-01,2.49,
5EMG,2015-11-06,1.06,
5EQ7,2015-11-12,1.19,
5EQ8,2015-11-12,1.3,
5EQ9,2015-11-12,1.36,
5EQA,2015-11-12,1.32,
5GUC,2016-08-28,1.8,
5GUE,2016-08-28,1.8,
5GUK,2016-08-29,2.0,
5GUL,2016-08-29,1.73,
5H5O,2016-11-08,2.122,
5H72,2016-11-16,2.4,
5HTL,2016-01-27,1.371,
5I2T,2016-02-09,2.543,
5I47,2016-02-11,2.35,
5K2M,2016-05-19,2.18,
5K2Z,2016-05-19,1.8,
5K3V,2016-05-20,1.9,
5KCN,2016-06-06,1.965,
5KSH,2016-07-08,2.4,
5MWQ,2017-01-19,,
5NWS,2017-05-08,2.227,
5O7O,2017-06-09,2.11,
5O8P,2017-06-14,2.75,
5O8R,2017-06-14,2.8,
5ONC,2017-08-03,2.19,
5OO4,2017-08-05,1.6,
5OO5,2017-08-05,1.78,
5OO8,2017-08-06,1.78,
5OO9,2017-08-06,1.59,
5OOA,2017-08-06,1.6,
5T3D,2016-08-25,2.8,
5T6O,2016-09-01,1.8,
5T7Z,2016-09-06,2.03,
5T81,2016-09-06,2.604,
5VAT,2017-03-27,2.6,
5VBG,2017-03-29,2.8,
5W8A,2017-06-21,2.0,
5W8C,2017-06-21,1.85,
5W8D,2017-06-21,2.0,
5W8E,2017-06-21,1.8,
5W8G,2017-06-21,2.0,
5W98,2017-06-22,1.23,
5W99,2017-06-22,1.59,
5WA3,2017-06-24,2.8,
5WA4,2017-06-24,2.646,
5WMM,2017-07-30,2.9,
5XAV,2017-03-15,1.479,
5XBJ,2017-03-19,2.448,
5XT5,2017-06-17,2.34,
5XT6,2017-06-17,3.5,
5XW2,2017-06-29,1.298,
5XW7,2017-06-29,3.272,
5Y08,2017-07-15,,
5Y9I,2017-08-25,1.901,
5Y9X,2017-08-29,1.39,
5Y9Y,2017-08-29,1.599,
5YDA,2017-09-12,2.353,
5YGJ,2017-09-23,2.648,
5YGK,2017-09-23,2.047,
5YKA,2017-10-12,1.448,
5YRP,2017-11-09,2.99,
5YVZ,2017-11-28,1.6,
5YW0,2017-11-28,1.49,
5Z36,2018-01-05,,
5Z3R,2018-01-08,2.42,
5Z4E,2018-01-11,,
5Z4F,2018-01-11,,
5ZS9,2018-04-28,2.8,
5ZSK,2018-04-28,3.24,
5ZSO,2018-04-29,2.7,
5ZSP,2018-04-29,2.57,
5ZSQ,2018-04-29,3.211,
5ZSR,2018-04-29,2.61,
5ZSS,2018-04-29,3.17,
5ZST,2018-04-29,3.1,
5ZT7,2018-05-02,2.94,
5ZT8,2018-05-02,2.0,
5ZT9,2018-05-02,2.8,
5ZTA,2018-05-02,3.07,
5ZW0,2018-05-14,2.54,
5ZW2,2018-05-14,1.803,
5ZW7,2018-05-14,1.3,
5ZW8,2018-05-14,1.689,
6A2E,2018-06-11,1.939,
6A4X,2018-06-21,1.63,
6A4Z,2018-06-21,1.7,
6A52,2018-06-21,2.0,
6A5F,2018-06-23,2.05,
6A5G,2018-06-23,2.3,
6A5H,2018-06-23,1.618,
6A6F,2018-06-27,2.1,
6AD3,2018-07-30,1.79,
6AF6,2018-08-08,1.62,
6AGL,2018-08-13,2.5,
6AGM,2018-08-13,2.0,
6AM7,2017-08-09,1.47,
6AM8,2017-08-09,1.83,
6AMC,2017-08-09,1.93,
6AMH,2017-08-09,1.63,
6AMI,2017-08-09,1.97,
6AWL,2017-09-05,2.0,
6BF8,2017-10-26,4.2,
6BVU,2017-12-13,,
6BVW,2017-12-14,,
6BVX,2017-12-14,,
6BVY,2017-12-14,,
6BWC,2017-12-14,2.7,
6BXK,2017-12-18,2.347,
6BXL,2017-12-18,2.301,
6BXM,2017-12-18,2.252,
6BXN,2017-12-18,2.079,
6BXO,2017-12-18,1.655,
6C0G,2017-12-31,2.145,
6C0H,2017-12-31,1.9,
6C0Y,2018-01-03,1.66,
6C3A,2018-01-09,1.53,
6C3B,2018-01-09,1.51,
6C3C,2018-01-09,1.5,
6C3D,2018-01-09,1.55,
6CGO,2018-02-20,2.0,
6CI7,2018-02-23,2.3,
6CIB,2018-02-23,2.05,
6CIV,2018-02-25,,
6CIX,2018-02-25,,
6CLW,2018-03-02,2.74,
6CLX,2018-03-02,2.73,
6CP3,2018-03-13,3.8,
6CP5,2018-03-13,4.2,
6CP6,2018-03-13,3.6,
6CP7,2018-03-13,4.1,
6CY8,2018-04-05,2.729,
6D34,2018-04-14,2.1,
6D8I,2018-04-26,1.65,
6D8J,2018-04-26,1.63,
6DCJ,2018-05-07,1.35,
6DG6,2018-05-16,1.999,
6DR3,2018-06-11,2.101,
6DYM,2018-07-02,2.02,
6DYN,2018-07-02,2.102,
6DYO,2018-07-02,2.84,
6DYR,2018-07-02,2.45,
6DYS,2018-07-02,2.3,
6E6U,2018-07-25,1.55,
6E6Y,2018-07-25,1.6,
6EC7,2018-08-07,2.15,
6EC8,2018-08-07,2.148,
6ESD,2017-10-20,2.6,
6F9Q,2017-12-15,1.4,
6FD2,2017-12-21,2.55,
6FIJ,2018-01-18,2.77,
6FIK,2018-01-18,7.1,
6FKO,2018-01-24,2.1,
6FLF,2018-01-25,1.33,
6FM0,2018-01-29,1.7,
6FM1,2018-01-29,2.35,
6FM3,2018-01-30,1.95,
6FSQ,2018-02-20,2.79,
6FT5,2018-02-20,1.94,
6FTE,2018-02-21,1.52,
6FW7,2018-03-05,3.0,
6FW8,2018-03-05,2.4,
6FW9,2018-03-05,2.739,
6FWA,2018-03-05,2.846,
6FXD,2018-03-08,1.45,
6G2P,2018-03-23,2.6,
6G56,2018-03-29,2.15,
6G58,2018-03-29,1.9,
6G59,2018-03-29,2.45,
6GE8,2018-04-25,1.869,
6GHF,2018-05-07,3.52,
6GJC,2018-05-16,3.3,
6GMZ,2018-05-29,2.22,
6GQ3,2018-06-07,1.85,
6GRG,2018-06-11,2.35,
6GRH,2018-06-11,1.85,
6GRI,2018-06-11,2.7,
6GS2,2018-06-13,2.04,
6H31,2018-07-17,2.3,
6H3D,2018-07-18,2.05,
6H3F,2018-07-18,2.21,
6H5E,2018-07-24,2.139,
6HFD,2018-08-21,1.86996804092,
6HFE,2018-08-21,1.47997437573,
6HFF,2018-08-21,1.51000106105,
6HFH,2018-08-21,1.44871265165,
6HFI,2018-08-21,1.45994719309,
6HFJ,2018-08-21,1.2,
6HFK,2018-08-21,1.45914405408,
6HFL,2018-08-21,1.35,
6HFN,2018-08-21,1.44965143011,
6HFP,2018-08-21,1.19822864429,
6HFQ,2018-08-21,1.14542458871,
6HFR,2018-08-21,1.29949373933,
6HFS,2018-08-21,1.34904510922,
6HFU,2018-08-21,1.39971025955,
6HG1,2018-08-22,2.12,
6HG2,2018-08-22,1.83,
6HG3,2018-08-22,1.97,
6HK1,2018-09-05,2.55,
6HNL,2018-09-16,2.2,
6HNM,2018-09-16,2.0,
6HNN,2018-09-16,2.7,
6HQV,2018-09-25,3.0,
6HS8,2018-09-29,1.7,
6HS9,2018-09-29,1.05,
6HSA,2018-09-29,0.92,
6HSB,2018-09-29,1.95,
6HSQ,2018-10-01,1.46,
6HSR,2018-10-01,2.0,
6HSU,2018-10-01,1.6,
6HWP,2018-10-12,2.547,
6I0M,2018-10-26,2.567,
6I0O,2018-10-26,2.623,
6I86,2018-11-19,2.0,
6IHC,2018-09-29,2.4,
6IPV,2018-11-05,2.2,
6IPW,2018-11-05,2.1,
6IUS,2018-11-30,2.12,
6IX3,2018-12-09,2.13,
6IX5,2018-12-09,1.7,
6IX7,2018-12-09,1.835,
6IX8,2018-12-09,1.659,
6IX9,2018-12-09,1.776,
6J0P,2018-12-25,1.79,
6J1E,2018-12-28,2.4,
6J1F,2018-12-28,2.1,
6J1G,2018-12-28,2.5,
6J1H,2018-12-28,2.101,
6J1I,2018-12-28,2.29,
6J1J,2018-12-28,2.0,
6J1M,2018-12-28,2.001,
6J1N,2018-12-28,2.532,
6J31,2019-01-03,2.244,
6J32,2019-01-03,2.5,
6JDD,2019-02-01,2.6,
6JH7,2019-02-17,1.38,
6JHA,2019-02-17,1.78,
6JHB,2019-02-17,2.27,
6JLS,2019-03-06,2.24,
6JSX,2019-04-08,2.7,
6JT7,2019-04-10,1.86,
6JT8,2019-04-10,1.9,
6JT9,2019-04-10,2.1,
6JTA,2019-04-10,1.75,
6JV6,2019-04-16,2.15,
6JZV,2019-05-04,2.0,
6JZW,2019-05-04,2.64,
6K0K,2019-05-07,2.68,
6K3C,2019-05-17,3.074,
6K4F,2019-05-23,1.735,
6KA2,2019-06-20,2.35,
6KA3,2019-06-20,1.951,
6KFY,2019-07-09,1.97,
6KFZ,2019-07-09,1.96,
6KG0,2019-07-09,2.78,
6KG1,2019-07-09,2.7,
6KNH,2019-08-05,1.76,
6KNI,2019-08-05,1.97,
6KNK,2019-08-05,2.3,
6KOG,2019-08-10,1.68,
6KU3,2019-08-30,2.15,
6KUN,2019-09-02,2.002,
6KV9,2019-09-03,1.48,
6KVC,2019-09-04,1.66,
6LD7,2019-11-20,2.1,
6LD8,2019-11-20,2.31,
6LD9,2019-11-20,2.5,
6LE0,2019-11-23,2.51,
6LE3,2019-11-23,2.1,
6LGO,2019-12-05,2.39,
6LK3,2019-12-18,2.1,
6LKC,2019-12-19,1.998,
6LKZ,2019-12-21,2.8,
6LTA,2020-01-22,2.45,
6LTB,2020-01-22,3.1,
6LTC,2020-01-22,3.3,
6LTD,2020-01-22,4.1,
6LV0,2020-02-02,1.998,
6LVT,2020-02-05,,
6LVU,2020-02-05,2.294,
6M03,2020-02-19,2.0,
6M25,2020-02-26,2.5,
6M26,2020-02-26,2.61,
6M27,2020-02-26,2.6,
6M28,2020-02-26,3.0,
6M29,2020-02-26,2.9,
6M2A,2020-02-26,2.23,
6M2E,2020-02-27,2.6,
6M2F,2020-02-27,2.4,
6M2G,2020-02-27,2.8,
6M2H,2020-02-27,3.1,
6M2Y,2020-03-02,2.1,
6M2Z,2020-03-02,2.35,
6M53,2020-03-09,1.55,
6M7L,2018-08-20,2.64829708903,
6M7Y,2018-08-21,2.794,
6MF9,2018-09-10,2.037,
6MIC,2018-09-19,1.531,
6MJF,2018-09-20,2.198,
6MJG,2018-09-20,2.123,
6MOE,2018-10-04,2.091,
6MOF,2018-10-04,2.894,
6MOG,2018-10-04,1.21,
6MOH,2018-10-04,3.2,
6MOI,2018-10-04,2.065,
6MOJ,2018-10-04,2.431,
6MOK,2018-10-04,5.101,
6MOL,2018-10-04,3.163,
6N04,2018-11-06,1.998,
6N3P,2018-11-15,2.5,
6N6Z,2018-11-27,2.642,
6N70,2018-11-27,2.738,
6N72,2018-11-27,2.735,
6N73,2018-11-27,2.398,
6N74,2018-11-27,1.852,
6N75,2018-11-27,2.991,
6N76,2018-11-27,2.892,
6N9A,2018-12-01,2.5,
6NCS,2018-12-12,1.8,
6NEG,2018-12-17,1.95,
6NEH,2018-12-17,1.52,
6NEJ,2018-12-17,1.6,
6NHT,2018-12-23,2.9,
6NHV,2018-12-24,3.5,
6NIE,2018-12-27,1.95,
6NL2,2019-01-07,1.92,
6NNC,2019-01-14,1.8,
6NND,2019-01-14,1.7,
6NNH,2019-01-15,1.523,
6NNI,2019-01-15,1.561,
6NOX,2019-01-16,,
6NR6,2019-01-22,1.9,
6NSD,2019-01-24,1.74,
6NVA,2019-02-04,2.16,
6NW4,2019-02-06,3.0,
6OBW,2019-03-21,,
6OC2,2019-03-21,,
6OC4,2019-03-21,,
6ODD,2019-03-26,2.0,
6OHI,2019-04-05,2.27,
6OHJ,2019-04-05,3.19,
6OJO,2019-04-11,1.886,
6OLD,2019-04-16,,
6OM4,2019-04-18,1.7,
6OYF,2019-05-14,2.1,
6OZV,2019-05-16,2.18,
6P1J,2019-05-20,2.95,
6P29,2019-05-21,1.5,
6P3I,2019-05-23,2.15,
6P4U,2019-05-28,2.1,
6P5X,2019-05-31,1.97,
6P5Z,2019-05-31,2.26,
6P63,2019-05-31,2.4,
6PBN,2019-06-14,1.65,
6PBP,2019-06-14,1.64,
6PBT,2019-06-14,2.18,
6PD1,2019-06-18,2.72,
6PD2,2019-06-18,1.95,
6PE3,2019-06-19,2.3,
6PEU,2019-06-20,1.95,
6PH9,2019-06-25,1.92,
6PIB,2019-06-26,2.26,
6PJ3,2019-06-27,2.25,
6PQZ,2019-07-10,2.23,
6PVF,2019-07-20,1.69,
6PVG,2019-07-20,1.709,
6PVH,2019-07-20,1.89,
6PVI,2019-07-20,2.093,
6PVJ,2019-07-20,1.25,
6Q32,2018-12-03,1.39,
6QSP,2019-02-21,1.45,
6QSR,2019-02-21,1.85,
6QTL,2019-02-25,2.25,
6R2G,2019-03-17,1.9,
6RM2,2019-05-04,2.5,
6SBB,2019-07-19,1.95,
6SBC,2019-07-19,1.35,
6SBD,2019-07-19,1.4,
6SBE,2019-07-19,1.4,
6SBF,2019-07-19,1.3,
6SBG,2019-07-19,2.3,
6SM5,2019-08-21,2.75,
6SME,2019-08-21,1.7,
6SMF,2019-08-21,2.343,
6T5X,2019-10-17,1.5,
6T60,2019-10-17,1.66,
6T62,2019-10-17,1.8,
6T65,2019-10-17,2.35,
6T6N,2019-10-18,2.5,
6T6P,2019-10-18,1.57,
6T77,2019-10-21,1.75,
6T7M,2019-10-22,2.65,
6TA1,2019-10-29,3.1,
6TA8,2019-10-29,2.4,
6TBB,2019-11-01,2.45,
6TBC,2019-11-01,2.55,
6TBD,2019-11-01,2.3,
6TBL,2019-11-01,2.65,
6TBN,2019-11-01,2.0,
6TG5,2019-11-15,,
6THU,2019-11-21,2.6,
6TIV,2019-11-22,2.38,
6TJ1,2019-11-23,2.4,
6TJA,2019-11-25,2.27,
6TJZ,2019-11-27,2.4,
6TMS,2019-12-05,2.7,
6TNH,2019-12-08,2.21,
6U1Q,2019-08-16,2.87,
6U24,2019-08-19,,
6U7Q,2019-09-03,,
6U7R,2019-09-03,,
6U7S,2019-09-03,,
6U7U,2019-09-03,,
6U7W,2019-09-03,,
6U7X,2019-09-03,,
6U8E,2019-09-04,3.03,
6U8N,2019-09-05,3.29,
6U8R,2019-09-05,3.91,
6U8S,2019-09-05,3.14,
6U9O,2019-09-09,3.36,
6UA2,2019-09-10,4.2,
6UA4,2019-09-10,3.65,
6UA5,2019-09-10,3.79,
6UAJ,2019-09-10,3.84,
6UC2,2019-09-13,4.48,
6UDO,2019-09-19,3.21,
6UDP,2019-09-19,2.95,
6UDQ,2019-09-19,3.27,
6ULU,2019-10-08,2.76,
6ULW,2019-10-08,3.4,
6ULX,2019-10-08,2.31,
6ULY,2019-10-08,2.3,
6ULZ,2019-10-08,3.1,
6UVX,2019-11-04,2.3,
6UW1,2019-11-04,2.205,
6UW3,2019-11-04,2.4,
6UW5,2019-11-04,2.2,
6UW7,2019-11-04,2.342,
6V1N,2019-11-20,,
6VAP,2019-12-17,1.93,
6VHT,2020-01-10,1.84,
6VHU,2020-01-10,1.6,
6VHV,2020-01-10,2.89,
6VHW,2020-01-10,1.83,
6VHX,2020-01-10,1.7,
6VHY,2020-01-10,3.0,
6VHZ,2020-01-10,2.12,
6VS5,2020-02-10,1.758,
6VS6,2020-02-10,1.853,
6VS8,2020-02-10,1.829,
6VS9,2020-02-10,1.842,
6VSD,2020-02-11,1.693,
6VSE,2020-02-11,1.758,
6VSF,2020-02-11,2.012,
6VSG,2020-02-11,2.304,
6VV6,2020-02-17,2.235,
6VV7,2020-02-17,1.999,
6VV8,2020-02-17,2.683,
6VV9,2020-02-17,2.18,
6VXY,2020-02-25,1.398,
6VY8,2020-02-25,,
6VZX,2020-02-28,1.37,
6W2Q,2020-03-08,1.8,
6W2R,2020-03-08,2.344,
6W2V,2020-03-08,2.399,
6W2W,2020-03-08,2.21,
6W3D,2020-03-09,1.38,
6W3F,2020-03-09,1.83,
6W3G,2020-03-09,1.62,
6W46,2020-03-10,1.25,
6W47,2020-03-10,1.15,
6W9Y,2020-03-24,2.55,
6W9Z,2020-03-24,2.7,
6WA0,2020-03-24,3.484,
6WAO,2020-03-25,1.76,
6WCS,2020-03-31,1.87,
6WF4,2020-04-03,1.97,
6WN3,2020-04-22,1.86,
6WNB,2020-04-22,2.1,
6WNC,2020-04-22,2.2,
6WND,2020-04-22,2.18,
6WQ1,2020-04-28,2.295,
6WTD,2020-05-02,4.2,
6X1I,2020-05-18,4.32,
6XI9,2020-06-19,2.14,
6XIG,2020-06-19,1.59,
6XO2,2020-07-06,1.6,
6XP8,2020-07-08,1.65,
6XRC,2020-07-11,2.45,
6Y3A,2020-02-17,1.49,
6Y6G,2020-02-26,1.81,
6Y6I,2020-02-26,1.92,
6YB8,2020-03-16,2.36,
6YB9,2020-03-16,2.406,
6YJE,2020-04-03,1.62,
6YJF,2020-04-03,1.85,
6YND,2020-04-13,1.525,
6YNE,2020-04-13,1.853,
6YNF,2020-04-13,2.394,
6YNH,2020-04-13,2.621,
6YQQ,2020-04-18,2.5,
6YRU,2020-04-20,1.78,
6YRV,2020-04-20,1.94,
6YRX,2020-04-20,1.87,
6YRZ,2020-04-20,1.824,
6YS1,2020-04-20,1.64,
6YS2,2020-04-20,1.97,
6YSB,2020-04-21,1.2,
6YTZ,2020-04-25,1.4,
6YUX,2020-04-27,1.36,
6YV5,2020-04-27,1.1,
6YV6,2020-04-27,1.36,
6Z1K,2020-05-13,1.48,
6Z1L,2020-05-13,2.29,
6Z2F,2020-05-15,1.7,
7ABA,2020-09-07,1.85002316788,
7ABB,2020-09-07,1.50004339457,
7AHR,2020-09-25,2.21,
7AN5,2020-10-11,1.91,
7AN6,2020-10-11,1.91,
7AN7,2020-10-11,1.81,
7AN8,2020-10-11,2.01,
7AN9,2020-10-11,2.11,
7B53,2020-12-03,1.75,
7B60,2020-12-07,1.91,
7B61,2020-12-07,1.65,
7B68,2020-12-07,1.89,
7B6G,2020-12-07,1.937,
7B6I,2020-12-07,2.069,
7B6J,2020-12-07,2.09,
7B6K,2020-12-07,1.838,
7B6L,2020-12-07,2.08,
7B6M,2020-12-07,1.67,
7B6N,2020-12-07,1.79,
7B6O,2020-12-08,1.86,
7B6P,2020-12-08,1.68,
7B6Q,2020-12-08,1.82,
7B9E,2020-12-14,2.12,
7B9W,2020-12-14,1.82,
7BC4,2020-12-18,3.1,
7BC5,2020-12-18,3.1,
7BP1,2020-03-21,1.97,
7BPC,2020-03-22,2.45,
7BQJ,2020-03-24,1.98,
7BQK,2020-03-24,1.99,
7BQL,2020-03-24,2.396,
7BQO,2020-03-25,1.53,
7BQP,2020-03-25,1.33,
7BVD,2020-04-10,1.7,
7BZV,2020-04-28,1.988,
7C1H,2020-05-04,2.3,
7C1K,2020-05-04,2.755,
7C1L,2020-05-05,1.85,
7C1P,2020-05-05,2.6,
7C1R,2020-05-05,1.698,
7C1S,2020-05-05,2.586,
7C1U,2020-05-05,1.4,
7C8M,2020-06-03,3.5,
7C8N,2020-06-03,1.5,
7C8O,2020-06-03,1.84,
7CBB,2020-06-11,2.6,
7CEO,2020-06-24,2.43,
7CEP,2020-06-24,2.05,
7CEQ,2020-06-24,2.0,
7CER,2020-06-24,2.3,
7CES,2020-06-24,2.2,
7CET,2020-06-24,2.64,
7CEU,2020-06-24,2.9,
7CFU,2020-06-28,2.15,
7CGU,2020-07-02,2.4,
7CJY,2020-07-14,2.2,
7CNV,2020-08-03,2.23,
7CPX,2020-08-08,2.91,
7CPY,2020-08-08,3.6,
7CRN,2020-08-14,2.26,
7CXS,2020-09-02,1.83,
7CXU,2020-09-02,2.19,
7CXV,2020-09-02,2.35,
7D68,2020-09-29,3.0,
7D7O,2020-10-05,1.98,
7DIB,2020-11-18,2.2,
7DJX,2020-11-22,1.98,
7DJY,2020-11-22,2.7,
7DRD,2020-12-28,2.85,
7DRE,2020-12-28,2.54,
7DRY,2020-12-30,1.44,
7DRZ,2020-12-30,1.7,
7DS0,2020-12-30,1.69,
7DS1,2020-12-30,1.58,
7DUQ,2021-01-11,2.5,
7DUR,2021-01-11,3.3,
7DXO,2021-01-19,2.4,
7E22,2021-02-04,2.63,
7E37,2021-02-08,2.09,
7E38,2021-02-08,2.05,
7E42,2021-02-10,,
7E4M,2021-02-14,1.57,
7E4N,2021-02-14,1.94,
7E4O,2021-02-14,2.5,
7E5T,2021-02-20,2.1697752983,
7E5U,2021-02-20,1.62,
7E5V,2021-02-20,1.61,
7E6A,2021-02-22,1.96,
7E6B,2021-02-22,1.84,
7E6C,2021-02-22,1.73,
7E6D,2021-02-22,2.67,
7E6E,2021-02-22,2.28,
7E6F,2021-02-22,2.74,
7ED6,2021-03-15,1.92850331296,
7ED9,2021-03-15,2.01764160944,
7EHG,2021-03-29,1.95,
7EKD,2021-04-05,1.899,
7ETX,2021-05-15,2.1,
7ETY,2021-05-15,2.21,
7F8E,2021-07-02,2.08,
7FC2,2021-07-13,2.0,
7FE0,2021-07-19,2.2,
7FE5,2021-07-19,2.09,
7FH3,2021-07-29,1.8,
7FH4,2021-07-29,1.996,
7FH6,2021-07-29,1.55,
7FH7,2021-07-29,1.42,
7FH8,2021-07-29,1.32,
7FH9,2021-07-29,1.9,
7FHA,2021-07-29,2.0,
7FJG,2021-08-03,2.72,
7JSD,2020-08-14,2.5,
7JTJ,2020-08-17,1.94,
7JUA,2020-08-19,2.35,
7JX1,2020-08-26,1.82,
7JXF,2020-08-27,1.5,
7K5Z,2020-09-17,1.85,
7KPQ,2020-11-12,2.1,
7KPT,2020-11-12,1.91,
7KVW,2020-11-29,2.18,
7KW0,2020-11-29,1.9,
7KW2,2020-11-29,2.0,
7KW3,2020-11-29,2.3,
7L2A,2020-12-16,1.85,
7L2Z,2020-12-17,3.4,
7L32,2020-12-17,1.9,
7LL8,2021-02-03,2.31,
7LL9,2021-02-03,2.9,
7LLD,2021-02-03,1.4,
7LM0,2021-02-04,2.09,
7LXP,2021-03-04,1.4,
7LXQ,2021-03-04,1.3,
7LY4,2021-03-05,3.8,
7LY7,2021-03-05,3.8,
7M4S,2021-03-22,2.493,
7MSK,2021-05-11,2.06,
7MSP,2021-05-11,2.1,
7N2T,2021-05-29,1.55,
7N2Y,2021-05-30,2.08,
7N2Z,2021-05-30,1.29,
7N79,2021-06-09,1.98,
7NC1,2021-01-28,2.6,
7NC2,2021-01-28,1.7,
7NC3,2021-01-28,1.65,
7NC5,2021-01-28,1.95,
7NC6,2021-01-28,2.1,
7NC8,2021-01-28,2.2,
7NC9,2021-01-28,2.55,
7NCB,2021-01-28,1.85,
7NCD,2021-01-28,2.05,
7NCE,2021-01-28,2.0,
7NCL,2021-01-29,2.0,
7NCM,2021-01-29,1.7,
7NCN,2021-01-29,1.9,
7NCO,2021-01-29,1.7,
7NCP,2021-01-29,2.05,
7NCT,2021-01-29,2.65,
7NCU,2021-01-29,1.5,
7NXG,2021-03-18,1.95,
7O1D,2021-03-29,1.8,
7OC4,2021-04-26,2.03,
7OC5,2021-04-26,2.01,
7OC6,2021-04-26,2.01,
7OV7,2021-06-14,1.8,
7OW9,2021-06-17,1.8,
7OWB,2021-06-17,2.45,
7OY1,2021-06-23,2.39,
7PD7,2021-08-04,1.96,
7PG7,2021-08-13,1.51,
7PGA,2021-08-13,2.77,
7PGJ,2021-08-14,2.13,
7PHD,2021-08-17,1.53,
7PHE,2021-08-17,2.32,
7PHF,2021-08-17,2.21,
7Q4F,2021-10-30,2.15,
7Q4G,2021-10-30,1.82,
7Q9E,2021-11-12,1.7,
7QCW,2021-11-25,2.81,
7QTD,2022-01-14,1.75,
7QTE,2022-01-14,1.81,
7QTF,2022-01-14,1.55,
7QTG,2022-01-14,2.695,
7QUJ,2022-01-18,1.85,
7QV0,2022-01-19,2.49,
7QZJ,2022-01-31,1.55,
7R9X,2021-06-29,2.14,
7RF9,2021-07-13,1.926,
7RFA,2021-07-14,,
7RGB,2021-07-14,2.5,
7RK0,2021-07-21,2.28,
7RNP,2021-07-29,2.25,
7RNQ,2021-07-29,2.102,
7ROF,2021-07-30,2.39,
7RTY,2021-08-16,1.963,
7S2X,2021-09-04,2.85,
7S3J,2021-09-07,1.94,
7S3T,2021-09-08,1.4,
7S5L,2021-09-10,1.58,
7S6B,2021-09-13,2.35,
7S6C,2021-09-13,3.1,
7S6D,2021-09-13,3.1,
7SCP,2021-09-28,1.99,
7SU4,2021-11-16,1.78,
7SU6,2021-11-16,2.15,
7SU7,2021-11-16,2.09,
7SU8,2021-11-16,2.65,
7SZE,2021-11-27,1.74,
7SZF,2021-11-27,1.79,
7SZG,2021-11-27,2.69,
7SZH,2021-11-27,1.79,
7TCR,2021-12-28,2.62,
7TCU,2021-12-28,2.31,
7TCW,2021-12-28,2.67,
7TCX,2021-12-28,2.21,
7TE8,2022-01-04,1.998,
7TFD,2022-01-06,3.16,
7TFE,2022-01-06,2.85,
7TWA,2022-02-07,1.7,
7TYB,2022-02-11,2.11,
7TZ4,2022-02-15,1.69,
7TZP,2022-02-16,2.6,
7U5S,2022-03-02,4.16,
7U5T,2022-03-02,3.43,
7U5U,2022-03-02,3.16,
7U6H,2022-03-04,2.0,
7U6I,2022-03-04,2.05,
7U6J,2022-03-04,1.9,
7UK4,2022-03-31,1.94,
7ULB,2022-04-04,2.49,
7ULG,2022-04-04,1.57,
7ULQ,2022-04-05,2.2,
7ULR,2022-04-05,1.8,
7ULS,2022-04-05,1.8,
7UQL,2022-04-19,1.9,
7UQM,2022-04-19,1.8,
7UQN,2022-04-19,1.7,
7UQO,2022-04-19,1.75,
7UWR,2022-05-03,2.61,
7V1Q,2021-08-05,1.58,
7V1R,2021-08-05,2.81,
7VIL,2021-09-27,,
7VO4,2021-10-12,2.1,
7VO5,2021-10-12,2.4,
7VOB,2021-10-13,2.09224113188,
7VSU,2021-10-27,3.1,
7VSW,2021-10-27,3.0,
7VUC,2021-11-02,1.4,
7VUR,2021-11-04,1.7,
7VUT,2021-11-04,1.7,
7W5E,2021-11-30,1.65,
7W85,2021-12-07,2.94,
7WCC,2021-12-19,1.5,
7WGH,2021-12-28,2.36,
7WGI,2021-12-28,2.5,
7WIY,2022-01-05,3.09,
7WJ6,2022-01-05,2.55,
7WJ7,2022-01-05,2.55,
7WKC,2022-01-08,,
7WKQ,2022-01-10,2.89,
7WUP,2022-02-09,2.3,
7WUW,2022-02-09,1.75,
7WUX,2022-02-09,1.8,
7WUY,2022-02-09,1.84,
7WVS,2022-02-11,2.35,
7WW0,2022-02-12,1.85,
7WWF,2022-02-12,2.27,
7WZV,2022-02-19,1.89931293521,
7WZX,2022-02-19,1.98001304567,
7X0B,2022-02-21,2.02027524648,
7X0E,2022-02-22,2.1,
7X0F,2022-02-22,2.2,
7X17,2022-02-23,2.5,
7X2N,2022-02-25,1.72,
7X2S,2022-02-26,1.92,
7X2X,2022-02-26,1.58,
7X36,2022-02-28,1.92,
7X4L,2022-03-02,2.59,
7X4R,2022-03-03,2.6,
7X4Y,2022-03-03,1.9,
7X51,2022-03-03,2.0,
7X52,2022-03-03,1.9,
7XBS,2022-03-22,1.64,
7XBT,2022-03-22,1.84,
7XBU,2022-03-22,2.35,
7XBV,2022-03-22,1.94,
7XDQ,2022-03-28,2.83,
7XDR,2022-03-28,2.4,
7XEJ,2022-03-31,1.74,
7XEK,2022-03-31,1.88,
7XEL,2022-03-31,1.8,
7XEN,2022-03-31,2.47,
7XEP,2022-03-31,1.78,
7XEQ,2022-03-31,2.9,
7XES,2022-03-31,3.0,
7XET,2022-03-31,2.3,
7XKX,2022-04-20,2.57,
7XMU,2022-04-26,2.3,
7XMV,2022-04-27,2.6,
7XN3,2022-04-27,2.9,
7XND,2022-04-28,1.6,
7XQ4,2022-05-06,1.58,
7XQM,2022-05-08,2.71,
7XQN,2022-05-08,1.98,
7XQZ,2022-05-09,2.0,
7XR7,2022-05-09,1.63,
7XRA,2022-05-09,1.95,
7XRU,2022-05-11,2.5,
7XSI,2022-05-14,2.7,
7Y3H,2022-06-10,1.97,
7Y50,2022-06-16,2.0,
7Y87,2022-06-23,2.3,
7Y88,2022-06-23,1.87,
7YB3,2022-06-28,1.8,
7YGF,2022-07-11,2.08,
7YKC,2022-07-22,3.3,
7YNU,2022-08-01,1.44,
7YNV,2022-08-01,1.39,
7YQM,2022-08-08,2.89,
7YQN,2022-08-08,1.6,
7YUA,2022-08-16,2.5,
7YV0,2022-08-18,2.34,
7YVV,2022-08-19,2.1,
7YWC,2022-02-12,1.917,
7ZM9,2022-04-19,1.62,
7ZMA,2022-04-19,2.9,
7ZMC,2022-04-19,3.1,
7ZMD,2022-04-19,2.93,
7ZMF,2022-04-19,2.21,
7ZP5,2022-04-26,1.54,
7ZP6,2022-04-26,1.9,
7ZP7,2022-04-26,1.7,
7ZSK,2022-05-07,6.8,
8A0C,2022-05-27,2.9,
8A0M,2022-05-29,3.6,
8A6U,2022-06-20,1.65,
8A6V,2022-06-20,1.9,
8A6Z,2022-06-20,2.4,
8A70,2022-06-20,2.1,
8A73,2022-06-20,1.6,
8A74,2022-06-20,1.9,
8A78,2022-06-20,1.6,
8A7A,2022-06-20,1.6,
8A7B,2022-06-20,1.65,
8A7C,2022-06-20,1.2,
8A7J,2022-06-21,1.2,
8A7K,2022-06-21,1.3,
8A7L,2022-06-21,1.85,
8A7R,2022-06-21,2.0,
8A7U,2022-06-21,1.55,
8A82,2022-06-21,2.05,
8A8E,2022-06-22,2.9,
8AHQ,2022-07-22,2.1,
8AHZ,2022-07-25,1.7,
8AJA,2022-07-27,2.59,
8AJL,2022-07-28,2.77,
8AW4,2022-08-29,2.21,
8AYB,2022-09-02,1.8,
8AYD,2022-09-02,2.8,
8BCM,2022-10-17,2.15,
8BP0,2022-11-15,2.621,
8BP1,2022-11-15,1.72,
8BTM,2022-11-29,1.4,
8BY8,2022-12-12,2.5,
8BYK,2022-12-13,1.7,
8BYR,2022-12-21,2.53,
8C0T,2022-12-19,1.28,
8C3W,2022-12-29,1.6,
8CAR,2023-01-24,2.68,
8CAV,2023-01-24,2.87,
8CG4,2023-02-03,2.6,
8CG5,2023-02-03,2.7,
8CG6,2023-02-03,3.4,
8CJH,2023-02-13,2.982,
8COP,2023-02-28,1.8,
8COQ,2023-02-28,1.7,
8COW,2023-03-01,1.6,
8COX,2023-03-01,2.1,
8CQ8,2023-03-04,1.8,
8CQ9,2023-03-04,1.75,
8CQA,2023-03-04,2.0,
8CUY,2022-05-17,2.4,
8CUZ,2022-05-17,3.0,
8CV0,2022-05-17,3.1,
8CV1,2022-05-17,2.6,
8CWX,2022-05-19,,
8CXL,2022-05-21,1.98,
8CZC,2022-05-24,2.86,
8D8S,2022-06-08,1.388,
8DAJ,2022-06-13,1.2,
8DEB,2022-06-20,1.94,
8DL5,2022-07-06,2.1,
8E2U,2022-08-16,3.48,
8E4A,2022-08-17,2.034,
8EAY,2022-08-30,3.33,
8EBP,2022-08-31,3.38,
8EGY,2022-09-13,2.05,
8EGZ,2022-09-13,1.9,
8EH0,2022-09-13,1.7,
8EH1,2022-09-13,2.0,
8EO9,2022-10-02,,
8EQW,2022-10-10,1.76,
8ERB,2022-10-11,1.98,
8ERJ,2022-10-12,2.16,
8ES6,2022-10-13,1.9,
8F7F,2022-11-18,1.62,
8F7G,2022-11-18,2.4,
8F7H,2022-11-18,1.93,
8F7I,2022-11-18,1.58,
8FBC,2022-11-29,1.53,
8FBZ,2022-11-30,1.59,
8FFT,2022-12-10,2.1,
8FFU,2022-12-10,2.04,
8FHJ,2022-12-14,2.61,
8FTR,2023-01-13,2.13,
8FTS,2023-01-13,2.2,
8FTV,2023-01-13,2.04,
8FX6,2023-01-24,2.2,
8FX7,2023-01-24,2.2,
8G3I,2023-02-08,3.02,
8G3J,2023-02-08,2.1,
8G4U,2023-02-10,2.9,
8G5S,2023-02-14,1.5,
8G5T,2023-02-14,1.846,
8G5U,2023-02-14,1.804,
8G7W,2023-02-17,3.4,
8G8K,2023-02-18,1.54,
8GS1,2022-09-04,2.7,
8GSA,2022-09-05,,
8GSM,2022-09-06,2.88,
8GX4,2022-09-18,1.97007775894,
8GY0,2022-09-21,1.988,
8GYH,2022-09-22,1.8,
8GYI,2022-09-22,1.93,
8GYJ,2022-09-22,1.82,
8GZI,2022-09-27,2.12209677016,
8H2C,2022-10-05,2.9,
8H4H,2022-10-10,2.3,
8H4J,2022-10-10,2.0,
8H4Q,2022-10-11,2.22,
8H4Z,2022-10-11,2.2,
8H50,2022-10-11,2.9,
8H52,2022-10-11,3.1,
8H8I,2022-10-22,2.03,
8HAR,2022-10-26,2.12,
8HBT,2022-10-31,1.96,
8HCI,2022-11-01,3.399,
8HCZ,2022-11-03,1.48,
8HD2,2022-11-03,1.6,
8HD4,2022-11-03,2.68,
8HDF,2022-11-04,2.24,
8HHI,2022-11-16,1.4,
8HK0,2022-11-24,2.29,
8HYR,2023-01-07,2.55,
8HZV,2023-01-09,2.33001676063,
8HZY,2023-01-10,2.03978804974,
8I1M,2023-01-13,1.699,
8I1N,2023-01-13,2.8,
8I1O,2023-01-13,2.4,
8I29,2023-01-14,2.72,
8I55,2023-01-24,1.99,
8I56,2023-01-24,2.84,
8I57,2023-01-24,2.81,
8I58,2023-01-24,3.09,
8I5Z,2023-01-26,2.65,
8IF7,2023-02-17,2.2,
8IH6,2023-02-22,2.519,
8IH7,2023-02-22,2.48,
8IHG,2023-02-22,2.858,
8IL0,2023-03-01,2.81,
8ILA,2023-03-03,2.79,
8IS2,2023-03-20,1.32,
8IYU,2023-04-06,2.1,
8J0A,2023-04-10,3.0,
8J3G,2023-04-16,2.3,
8J3I,2023-04-16,2.39,
8J59,2023-04-21,1.55,
8JF9,2023-05-17,1.9,
8JFA,2023-05-17,2.55,
8JFG,2023-05-18,2.83,
8JFH,2023-05-18,1.8,
8JFI,2023-05-18,2.38,
8JFJ,2023-05-18,1.8,
8JFM,2023-05-18,2.21,
8JFN,2023-05-18,2.41,
8JG2,2023-05-19,1.64,
8JG3,2023-05-19,2.0,
8JG7,2023-05-19,2.85,
8JMQ,2023-06-05,2.0,
8JMR,2023-06-05,2.2,
8JON,2023-06-07,2.51,
8K04,2023-07-07,2.72,
8K0A,2023-07-07,3.12,
8K1X,2023-07-11,2.27,
8KI5,2023-08-22,2.01,
8KIH,2023-08-23,2.0,
8ODW,2023-03-09,3.07,
8OOM,2023-04-05,1.82,
8OSV,2023-04-20,1.28,
8OSZ,2023-04-20,1.26,
8OT2,2023-04-20,1.77,
8P23,2023-05-14,3.17,
8P27,2023-05-15,2.73,
8P2C,2023-05-15,2.59,
8P2D,2023-05-15,2.59,
8P2S,2023-05-16,2.4,
8P37,2023-05-17,1.219,
8P39,2023-05-17,2.58,
8P4Q,2023-05-23,1.88,
8P5O,2023-05-24,2.6,
8PR9,2023-07-12,2.35,
8PRA,2023-07-12,2.05,
8PRB,2023-07-12,1.8,
8PRC,2023-07-12,2.35,
8PRD,2023-07-12,1.41,
8PRE,2023-07-12,3.1,
8PRF,2023-07-12,2.8,
8PRG,2023-07-12,2.35,
8PRH,2023-07-12,1.6,
8PRI,2023-07-12,2.1,
8PRJ,2023-07-12,1.4,
8PRL,2023-07-12,2.65,
8PRM,2023-07-12,2.2,
8PRO,2023-07-12,1.7,
8PRP,2023-07-12,2.82,
8PRQ,2023-07-12,1.46,
8PRR,2023-07-12,1.32,
8PRS,2023-07-12,1.75,
8PRT,2023-07-12,1.65,
8PT4,2023-07-13,3.33,
8PVG,2023-07-17,3.4,
8QHE,2023-09-07,1.6,
8QIJ,2023-09-12,2.073,
8QNF,2023-09-26,1.65,
8QOY,2023-09-29,3.0,
8QPY,2023-10-03,,
8QRX,2023-10-09,,
8QSX,2023-10-11,,
8QWD,2023-10-19,3.33,
8QWE,2023-10-19,3.14,
8QWF,2023-10-19,3.08,
8QWJ,2023-10-19,1.5,
8QZU,2023-10-30,1.18,
8R20,2023-11-02,2.1,
8R2B,2023-11-03,1.8,
8R2E,2023-11-04,2.0,
8R2J,2023-11-06,2.4,
8RA0,2023-11-30,1.89,
8RZ6,2024-02-12,2.3,
8SAM,2023-04-01,2.15,
8SAO,2023-04-01,2.502,
8SAP,2023-04-01,2.52,
8SKJ,2023-04-19,2.01,
8SMS,2023-04-26,1.93,
8STB,2023-05-09,2.22,
8SUE,2023-05-12,3.5,
8SW5,2023-05-17,2.39,
8SW6,2023-05-17,1.76,
8T19,2023-06-02,1.23,
8T7J,2023-06-20,2.4,
8TB1,2023-06-28,,
8TJI,2023-07-22,1.73,
8TJJ,2023-07-22,1.82,
8TJK,2023-07-22,1.85,
8TJP,2023-07-23,3.71,
8TKO,2023-07-25,3.05,
8TN2,2023-08-01,1.75,
8TN3,2023-08-01,1.63,
8TPW,2023-08-05,3.46,
8TPX,2023-08-05,3.4,
8TQG,2023-08-07,2.2,
8TQV,2023-08-08,2.0,
8TR4,2023-08-09,2.1,
8TRY,2023-08-10,2.35,
8TW0,2023-08-18,1.53,
8TXY,2023-08-24,2.1,
8U05,2023-08-28,1.62,
8U06,2023-08-28,1.6,
8U07,2023-08-28,1.63,
8U7J,2023-09-15,3.02,
8U9E,2023-09-19,3.02,
8UZ2,2023-11-14,3.18,
8V1X,2023-11-21,1.84,
8VAD,2023-12-11,1.45,
8W6Z,2023-08-30,2.2,
8W72,2023-08-30,3.25,
8WD5,2023-09-14,2.8,
8WGI,2023-09-21,,
8WGJ,2023-09-21,,
8WU6,2023-10-20,1.81,
8WU7,2023-10-20,2.09,
8WVR,2023-10-24,2.05,
8WWW,2023-10-27,2.78,
8X0U,2023-11-06,2.65,
8X0V,2023-11-06,2.4,
8X1W,2023-11-09,2.1,
8X3E,2023-11-13,2.5,
8X3X,2023-11-14,2.15,
8X3Y,2023-11-14,2.15,
8X3Z,2023-11-14,2.75,
8XBO,2023-12-06,2.53,
8XBQ,2023-12-06,2.05,
8XBR,2023-12-06,1.92,
8XOD,2024-01-01,2.75,
8XTE,2024-01-10,1.99,
8XTF,2024-01-10,2.13,
8XTG,2024-01-10,2.0,
8Y54,2024-01-31,1.78,
8YL9,2024-03-05,2.75,
8YLA,2024-03-05,1.3,
8YLZ,2024-03-07,1.6,
8YT4,2024-03-24,1.42,
8YZN,2024-04-07,1.799,
8YZO,2024-04-07,1.769,
8Z5C,2024-04-18,1.85,
8Z5D,2024-04-18,2.5,
8Z5E,2024-04-18,2.2,
8Z5F,2024-04-18,1.95,
8ZQA,2024-06-01,2.91,
8ZTP,2024-06-07,3.2,
8ZTQ,2024-06-07,2.889,
9AZA,2024-03-10,2.84,
9AZB,2024-03-11,2.9,
9B0C,2024-03-11,1.66,
9B6C,2024-03-25,3.35,
9BE3,2024-04-13,2.9,
9BE4,2024-04-13,3.0,
9BFG,2024-04-17,2.18,
9BHN,2024-04-21,,
9BYU,2024-05-24,1.75,
9CEN,2024-06-26,1.8,
9CJX,2024-07-08,,
9DK2,2024-09-07,2.5,
9DK3,2024-09-07,2.3,
9F48,2024-04-26,3.4,
9FCK,2024-05-15,3.8,
9FMH,2024-06-06,0.9,
9FMI,2024-06-06,0.9,
9FMJ,2024-06-06,0.95,
9FMK,2024-06-06,1.01,
9JA1,2024-08-23,2.98,
9JVA,2024-10-08,2.08,
9JWC,2024-10-10,2.08,
9K71,2024-10-23,2.28,
9KAU,2024-10-29,1.88,
1OQM,2003-03-10,2.1,
1RF8,2003-11-07,,
1Y13,2004-11-17,2.2,
1Z5Y,2005-03-21,1.94,
1ZM2,2005-05-10,3.07,
1ZM3,2005-05-10,3.07,
1ZM4,2005-05-10,2.9,
1ZM9,2005-05-10,2.8,
1ZUD,2005-05-30,1.98,
2A0S,2005-06-16,2.2,
2E4G,2006-12-07,2.08,
2EY4,2005-11-09,2.11,
2FHS,2005-12-27,2.7,
2H84,2006-06-06,2.9,
2O9Z,2006-12-14,2.494,
2OA1,2006-12-14,2.15,
2OAL,2006-12-16,2.1,
2OAM,2006-12-16,2.3,
2ZIT,2008-02-24,3.0,
3B78,2007-10-30,2.5,
3B82,2007-10-31,2.35,
3B8H,2007-11-01,2.5,
3BM5,2007-12-12,2.4,
3D2O,2008-05-08,2.04,
3F4N,2008-11-01,2.402,
3FEM,2008-11-30,3.02,
3FPE,2009-01-05,1.7,
3FPF,2009-01-05,1.66,
3FPG,2009-01-05,2.0,
3FPH,2009-01-05,1.8,
3FPJ,2009-01-05,1.8,
3ORQ,2010-09-07,2.23,
3ORR,2010-09-07,2.23,
3ORS,2010-09-07,1.45,
3R74,2011-03-22,2.9,
3R75,2011-03-22,2.1,
3R76,2011-03-22,2.6,
4F7W,2012-05-16,2.1,
4KEH,2013-04-25,1.901,
4KQO,2013-05-15,2.31,
4KQQ,2013-05-15,2.1,
4KQR,2013-05-15,2.01,
4N6E,2013-10-11,2.6,
4ZJB,2015-04-29,2.55,
5EIN,2015-10-30,1.7,
5EIO,2015-10-30,1.8,
5K95,2016-05-31,2.77,
5K9G,2016-05-31,1.9,
5W6Y,2017-06-18,1.995,
6P2I,2019-05-21,1.63,
6PBM,2019-06-14,1.57,
6PPW,2019-07-08,1.85,
6PPX,2019-07-08,1.85,
6PPY,2019-07-08,2.0,
6PPZ,2019-07-08,2.4,
6XGS,2020-06-18,2.2,
7FE6,2021-07-19,2.5,
7K34,2020-09-10,1.66,
7KH2,2020-10-19,2.05,
7KZ3,2020-12-09,1.55,
7KZ5,2020-12-10,1.6,
7KZ6,2020-12-10,1.65,
7KZD,2020-12-10,1.9,
7LVO,2021-02-26,2.0,
7LVP,2021-02-26,2.24,
7LY5,2021-03-05,2.5,
7M0O,2021-03-11,1.62,
7RC6,2021-07-07,1.71,
7TF6,2022-01-06,2.15,
7TF7,2022-01-06,2.13,
7TF9,2022-01-06,2.61,
7TFA,2022-01-06,2.07,
7TFB,2022-01-06,2.28,
7TFC,2022-01-06,1.96,
7VUS,2021-11-04,1.7,
7VUU,2021-11-04,1.95,
8EPY,2022-10-06,,
8EWU,2022-10-24,1.45,
1RRZ,2003-12-09,,
1WU2,2004-11-30,2.3,
1ZN0,2005-05-11,15.5,
2FU3,2006-01-25,2.7,
2HQT,2006-07-19,1.9,
2HVY,2006-07-31,2.3,
2ZU0,2008-10-11,2.2,
3HAX,2009-05-03,2.11,
3HAY,2009-05-03,4.99,
3IE5,2009-07-22,1.688,
4PD0,2014-04-17,1.7,
4TK1,2014-05-25,2.7,
4TK2,2014-05-25,4.1,
4TK3,2014-05-25,2.7,
4TK4,2014-05-25,3.601,
6DG5,2018-05-16,2.516,
6NDZ,2018-12-14,2.264,
6NE1,2018-12-15,3.011,
6NE2,2018-12-15,1.299,
6NE4,2018-12-16,1.648,
7M7E,2021-03-28,3.2,
7M7F,2021-03-28,3.2,
7M7G,2021-03-28,4.1,
7M7H,2021-03-28,4.1,
7M7I,2021-03-28,3.4,
7M7J,2021-03-28,4.3,
8TJN,2023-07-23,3.73,
8TJO,2023-07-23,3.61,
8EE0,2022-09-06,2.65,
8EE1,2022-09-06,2.7,
