Identifier,StructureData,,
Entry ID,Deposition Date,Refinement Resolution (Ã…),
"3Q1S","2010-12-17","2.15"
"3QG6","2011-01-24","2.5"
"3QJJ","2011-01-29","2.8049"
"3QJL","2011-01-30","2.7009"
"3QJP","2011-01-30","3.2986"
"3QSK","2011-02-21","1.75"
"3R8B","2011-03-23","2.95"
"3RAJ","2011-03-28","3.044"
"3RN2","2011-04-21","2.55"
"3RN5","2011-04-21","2.5"
"3S35","2011-05-17","2.2"
"3S36","2011-05-17","3.2"
"3S37","2011-05-17","2.7"
"3SE3","2011-06-10","4.0001"
"3SE4","2011-06-10","3.5001"
"3SQO","2011-07-05","2.7"
"3TBS","2011-08-08","2.49"
"3TBT","2011-08-08","2.3"
"3TBV","2011-08-08","2.1"
"3TBW","2011-08-08","2.15"
"3TBY","2011-08-08","2.5"
"3UX9","2011-12-04","2.8"
"3VW3","2012-07-30","2.5"
"3WFB","2013-07-18","2.7"
"3WFC","2013-07-18","2.5"
"3WFD","2013-07-18","2.3"
"3WFE","2013-07-18","2.49"
"3WLW","2013-11-15","3.088"
"3WSQ","2014-03-20","3.5"
"3X3F","2015-01-20","2.1"
"3ZKM","2013-01-23","1.85"
"3ZKN","2013-01-23","2"
"3ZKQ","2013-01-24","1.51"
"3ZKS","2013-01-24","2.11"
"3ZLQ","2013-02-04","2.1"
"3ZO0","2013-02-19","1.99"
"4ADF","2011-12-23","4.4"
"4ADQ","2012-01-02","4.5"
"4AEI","2012-01-10","2.3"
"4AG4","2012-01-24","2.8"
"4AZ8","2012-06-24","2.65"
"4BEL","2013-03-11","1.85"
"4BFB","2013-03-18","2.21"
"4C0U","2013-08-08","10"
"4C0Y","2013-08-08","16"
"4C10","2013-08-08","13"
"4C56","2013-09-10","2.9"
"4CKD","2014-01-03","13"
"4CMH","2014-01-15","1.53"
"4D9Q","2012-01-11","2.28"
"4D9R","2012-01-11","2.42"
"4DKE","2012-02-03","3"
"4DKF","2012-02-03","2.61"
"4DW2","2012-02-24","2.97"
"4E5X","2012-03-14","1.95"
"4EEF","2012-03-28","2.704"
"4EIG","2012-04-05","2.5"
"4EIZ","2012-04-06","2.2"
"4EJ1","2012-04-06","1.75"
"4F00","2012-05-03","1.95"
"4FQB","2012-06-25","2.69"
"4GRG","2012-08-24","4.24"
"4I0C","2012-11-16","1.95"
"4I13","2012-11-19","1.6"
"4I1N","2012-11-21","1.888"
"4I77","2012-11-30","1.9"
"4JN2","2013-03-14","1.71"
"4K3H","2013-04-10","2.45"
"4KRL","2013-05-16","2.849"
"4KRM","2013-05-16","2.655"
"4KRO","2013-05-16","3.054"
"4KRP","2013-05-16","2.823"
"4KUC","2013-05-21","2.787"
"4KZD","2013-05-29","2.186"
"4KZE","2013-05-29","2.404"
"4LEO","2013-06-26","2.64"
"4LGP","2013-06-28","2.4"
"4LGR","2013-06-28","1.65"
"4LGS","2013-06-28","2.7"
"4LHJ","2013-07-01","1.8"
"4LHQ","2013-07-01","2.3"
"4LXR","2013-07-30","2.2"
"4LXS","2013-07-30","3.3"
"4M3K","2013-08-06","1.48"
"4MJ5","2013-09-03","2.401"
"4MJ6","2013-09-03","2.57"
"4MXV","2013-09-26","3.2"
"4MXW","2013-09-26","3.6"
"4N1C","2013-10-03","1.7"
"4N1E","2013-10-04","2.23"
"4N1H","2013-10-04","3"
"4N90","2013-10-18","3.3"
"4NIK","2013-11-06","2.5"
"4NKD","2013-11-12","3.303"
"4NKM","2013-11-12","3.71"
"4NKO","2013-11-12","3.496"
"4NNX","2013-11-19","2.104"
"4NNY","2013-11-19","1.9"
"4NO0","2013-11-19","2.7"
"4NO2","2013-11-19","2"
"4NO3","2013-11-19","1.703"
"4NO5","2013-11-19","2.101"
"4NSK","2013-11-28","2.6"
"4OD2","2014-01-09","3.2"
"4PG9","2014-05-01","2.4"
"4PGB","2014-05-01","2.8"
"4PGC","2014-05-01","2.3"
"4PGD","2014-05-01","2.7"
"4PGE","2014-05-01","2"
"4PGJ","2014-05-02","2.6"
"4POU","2014-02-26","1.75"
"4Q9R","2014-05-01","3.12"
"4QNP","2014-06-18","2.8"
"4QWW","2014-07-17","2.7"
"4R9Y","2014-09-08","4.11"
"4RAV","2014-09-11","2.5"
"4RGM","2014-09-30","2.689"
"4RGN","2014-09-30","2.698"
"4RGO","2014-09-30","1.8"
"4TSA","2014-06-18","2.27"
"4TSB","2014-06-18","1.95"
"4TSC","2014-06-18","1.92"
"4V1D","2014-09-25","3.1"
"4WV1","2014-11-04","2.362"
"4XWG","2015-01-28","2.65"
"4XX1","2015-01-29","3.6"
"4YFD","2015-02-25","3.253"
"4YH7","2015-02-27","4.4"
"4YQX","2015-03-13","2.826"
"4YUE","2015-03-18","2.194"
"4Z5R","2015-04-02","3"
"4Z8F","2015-04-08","1.75"
"4Z95","2015-04-09","1.79"
"4Z9K","2015-04-10","1.5"
"4ZBN","2015-04-15","2.447"
"5AUM","2015-04-30","2.05"
"5BJT","2016-10-23","3.2"
"5BOZ","2015-05-27","3.1"
"5BV7","2015-06-04","2.45"
"5E08","2015-09-28","2.38"
"5E1H","2015-09-29","2.032"
"5E8E","2015-10-14","1.9"
"5EPM","2015-11-11","1.75"
"5F1K","2015-11-30","2.3"
"5F1O","2015-11-30","2.2"
"5F21","2015-12-01","1.9"
"5GKR","2016-07-05","2.1"
"5GMF","2016-07-14","2.5"
"5GMG","2016-07-14","2.6"
"5H30","2016-10-19","4.4"
"5H32","2016-10-20","12"
"5H37","2016-10-20","4"
"5H9E","2015-12-28","3.21"
"5H9F","2015-12-28","2.45"
"5HHV","2016-01-11","2.2"
"5HHX","2016-01-11","3"
"5HI3","2016-01-11","2.15"
"5HI4","2016-01-11","1.8"
"5HI5","2016-01-11","1.8"
"5IRO","2016-03-14","2.64"
"5J1A","2016-03-29","1.86"
"5J56","2016-04-01","1.8"
"5J57","2016-04-01","1.7"
"5KTZ","2016-07-12","4.3"
"5KU0","2016-07-12","5.3"
"5KU2","2016-07-12","5.3"
"5KWL","2016-07-18","4.8"
"5L0Q","2016-07-28","2.759"
"5SX4","2016-08-09","2.8"
"5SX5","2016-08-09","2.5"
"5TW2","2016-11-11","1.75"
"5TW5","2016-11-11","1.85"
"5U4L","2016-12-05","2.5"
"5U4M","2016-12-05","2.5"
"5U66","2016-12-07","1.7"
"5U8R","2016-12-14","3.00001618041"
"5UBM","2016-12-20","2.5"
"5UC6","2016-12-21","2.1"
"5UHY","2017-01-12","6.2"
"5UJ2","2017-01-16","2.9"
"5UMI","2017-01-27","3.23"
"5UOE","2017-01-31","3.8"
"5UTZ","2017-02-15","2.747"
"5UZ9","2017-02-25","3.4"
"5VB9","2017-03-28","1.7"
"5VJO","2017-04-19","2.43"
"5VJQ","2017-04-19","1.9"
"5VPG","2017-05-05","1.95"
"5VPH","2017-05-05","2.5"
"5VPL","2017-05-05","1.9"
"5VQM","2017-05-09","2.79"
"5VZL","2017-05-29","3.9"
"5W3E","2017-06-07","2.53"
"5W3L","2017-06-08","2.71"
"5W3M","2017-06-08","2.26"
"5W5X","2017-06-16","2.502"
"5XLO","2017-05-11","3.8"
"5XLP","2017-05-11","4.2"
"5XZB","2017-07-12","2.13"
"5XZE","2017-07-12","2.177"
"5XZG","2017-07-12","1.828"
"5Y0A","2017-07-15","22"
"5Y32","2017-07-27","2.701"
"5Y7Z","2017-08-18","2.804"
"5Y80","2017-08-18","2.5"
"6AD0","2018-07-28","3.9"
"6ARU","2017-08-23","3.2"
"6B14","2017-09-16","1.64"
"6B3K","2017-09-22","2.09"
"6B3S","2017-09-23","2.8"
"6B45","2017-09-25","3.5"
"6B47","2017-09-25","3.2"
"6B48","2017-09-25","3.6"
"6B7Z","2017-10-05","6.5"
"6BF7","2017-10-26","6.5"
"6BF9","2017-10-26","7.2"
"6BGT","2017-10-29","2.7"
"6BSP","2017-12-04","4.7"
"6C9U","2018-01-28","2.09"
"6DB8","2018-05-02","1.86541345549"
"6DB9","2018-05-02","2.025"
"6DN5","2018-06-06","2.4"
"6DN6","2018-06-06","1.59"
"6DN7","2018-06-06","1.4"
"6DN8","2018-06-06","1.75"
"6DXG","2018-06-28","1.905"
"6DXL","2018-06-29","2.45"
"6IV6","2018-12-02","3.6"
"6J6Y","2019-01-16","2.15"
"6JB2","2019-01-25","1.5"
"6JB5","2019-01-25","1.55"
"6JB8","2019-01-25","1.65"
"6JSZ","2019-04-08","1.53"
"6L62","2019-10-25","7.2"
"6LXI","2020-02-11","2.5"
"6LXJ","2020-02-11","2.903"
"6LXK","2020-02-11","3.608"
"6MID","2018-09-19","4"
"6MJQ","2018-09-21","3"
"6MTJ","2018-10-19","2.336"
"6MTN","2018-10-20","2.5"
"6MU6","2018-10-22","2.551"
"6MU7","2018-10-22","2.501"
"6MU8","2018-10-22","2.993"
"6MUF","2018-10-23","2.91"
"6MUG","2018-10-23","2.954"
"6MUI","2018-10-23","7.7"
"6MW9","2018-10-29","7.3"
"6MWC","2018-10-29","7.5"
"6MWN","2018-10-29","2.838"
"6MWV","2018-10-30","7.3"
"6MWX","2018-10-30","8.2"
"6MXE","2018-10-30","2.47"
"6NE0","2018-12-15","3.4"
"6NIG","2018-12-27","2.35"
"6NM7","2019-01-10","2.426"
"6NM8","2019-01-10","2.792"
"6O1F","2019-02-19","2.15"
"6O6V","2019-03-07","2.35"
"6O6X","2019-03-07","2.11"
"6O71","2019-03-07","2.55"
"6O75","2019-03-07","2.6"
"6O78","2019-03-07","2.8"
"6O7B","2019-03-07","2.4"
"6O7E","2019-03-07","3.2"
"6O7I","2019-03-07","3.2"
"6OGE","2019-04-02","4.36"
"6OV0","2019-05-06","2.8"
"6OY4","2019-05-14","2.45"
"6P4A","2019-05-27","2.2"
"6P4B","2019-05-27","1.9"
"6Q0B","2019-08-01","3.4"
"6U36","2019-08-21","2.7"
"6U38","2019-08-21","2.73"
"6U8D","2019-09-04","1.807"
"6U8K","2019-09-05","2.75"
"6VMJ","2020-01-28","2.95"
"6VMK","2020-01-28","3.01"
"6VVU","2020-02-18","3"
"6W09","2020-02-29","5.3"
"6W1C","2020-03-04","5.3"
"6W1X","2020-03-04","3.9"
"6W7S","2020-03-19","2.25"
"6WDS","2020-04-01","2.9"
"6WDT","2020-04-01","3.1"
"6WH9","2020-04-07","2.75"
"6WIO","2020-04-10","2.17"
"6WIR","2020-04-10","2.96"
"6WJL","2020-04-14","3.3"
"6WVZ","2020-05-07","3.1"
"6X5M","2020-05-26","2.5"
"6X5N","2020-05-26","3.3"
"6XJD","2020-06-23","6.8"
"6XJQ","2020-06-24","1.708"
"6XJW","2020-06-24","1.918"
"6XJY","2020-06-24","2.156"
"6XJZ","2020-06-24","2.488"
"6XM2","2020-06-29","1.91"
"6XOB","2020-07-06","8.5"
"7C80","2020-05-28","3.7"
"7C81","2020-05-28","3.1"
"7CQC","2020-08-10","2.5"
"7CQD","2020-08-10","3.2"
"7CR6","2020-08-12","3.72"
"7CR8","2020-08-12","3.7"
"7CVY","2020-08-27","5.2"
"7CVZ","2020-08-27","4.7"
"7CW0","2020-08-27","5.9"
"7CW2","2020-08-27","4.5"
"7CW3","2020-08-27","9.4"
"7D5B","2020-09-25","1.31"
"7D5U","2020-09-28","2.04"
"7DMQ","2020-12-05","3.06"
"7DQ7","2020-12-22","3.2"
"7DWT","2021-01-18","19"
"7DWU","2021-01-18","19"
"7E3M","2021-02-09","2.8"
"7ECV","2021-03-13","3.43"
"7ELM","2021-04-12","2.88"
"7FCZ","2021-07-15","2.21"
"7FD0","2021-07-15","2"
"7JHG","2020-07-20","3.47"
"7JHH","2020-07-20","3.92"
"7JHY","2020-07-21","3.9"
"7JKQ","2020-07-28","3.3"
"7JN7","2020-08-04","3.3"
"7JR7","2020-08-11","3.3"
"7JTN","2020-08-18","3.1"
"7JTQ","2020-08-18","3.5"
"7KCR","2020-10-07","4"
"7KPB","2020-11-10","3"
"7LA8","2021-01-06","1.8965"
"7LEX","2021-01-15","3.6"
"7LEY","2021-01-15","3.05"
"7LEZ","2021-01-15","4.15"
"7LF0","2021-01-15","3.68"
"7LF1","2021-01-15","4.04"
"7LF2","2021-01-15","3.72"
"7LKB","2021-02-02","1.8"
"7LKG","2021-02-02","2.02"
"7M3L","2021-03-18","3.2"
"7M3N","2021-03-18","2.4"
"7MDP","2021-04-05","1.96"
"7MHY","2021-04-16","2.7"
"7MHZ","2021-04-16","3.2"
"7MK1","2021-04-21","1.9"
"7MLH","2021-04-28","2.1"
"7MLX","2021-04-29","2.09"
"7MNL","2021-05-01","3.95"
"7MNO","2021-05-01","6.73"
"7N0A","2021-05-25","3.1"
"7RAH","2021-07-01","2.6"
"7RP2","2021-08-03","2.2"
"7RP3","2021-08-03","2"
"7RT9","2021-08-12","1.9"
"7RTA","2021-08-12","2.6"
"7SBD","2021-09-24","3.04"
"7SBG","2021-09-24","3.34"
"7SFV","2021-10-04","4"
"7SFW","2021-10-04","3.2"
"7SGM","2021-10-06","2"
"7SJN","2021-10-18","3.4"
"7SJO","2021-10-18","3.3"
"7SO5","2021-10-29","1.797"
"7SO7","2021-10-29","3.59"
"7SZU","2021-11-29","2.24"
"7T9U","2021-12-20","2.46"
"7T9V","2021-12-20","2.68"
"7TGF","2022-01-07","1.347"
"7TGI","2022-01-07","2.104"
"7TH2","2022-01-10","1.838"
"7TH3","2022-01-10","2.292"
"7TLY","2022-01-19","3"
"7TLZ","2022-01-19","3.3"
"7TNX","2022-01-22","3.54"
"7TNY","2022-01-22","3.2"
"7TNZ","2022-01-22","3.54"
"7TO0","2022-01-22","3.5"
"7TO1","2022-01-22","3.66"
"7TO2","2022-01-22","3.2"
"7TQS","2022-01-26","3.9"
"7TQT","2022-01-27","4.1"
"7TQU","2022-01-27","3.8"
"7U0Y","2022-02-19","2.66"
"7U5B","2022-03-02","2.371"
"7UBZ","2022-03-15","1.75"
"7UTP","2022-04-27","3.8"
"7UTR","2022-04-27","3.7"
"7UTS","2022-04-27","3.6"
"7UTU","2022-04-27","3"
"7UTV","2022-04-27","3"
"7V0N","2022-05-10","5.9"
"7V0O","2022-05-10","6.6"
"7V0P","2022-05-10","5.2"
"7V3G","2021-08-10","3.3"
"7V3H","2021-08-10","3.6"
"7V3I","2021-08-10","4.4"
"7V3J","2021-08-10","4.9"
"7V5N","2021-08-17","1.7"
"7W71","2021-12-02","3.2"
"7WM4","2022-01-14","3.2"
"7WV3","2022-02-09","2.26"
"7WV4","2022-02-09","3.35"
"7WV5","2022-02-09","3.1"
"7WVE","2022-02-10","3.11"
"7WVF","2022-02-10","3.91"
"7WVJ","2022-02-10","3.26"
"7XSO","2022-05-15","3.01"
"7XSP","2022-05-15","2.89"
"7XSQ","2022-05-15","2.88"
"7XSR","2022-05-15","2.97"
"7XSS","2022-05-15","3.2"
"7XT4","2022-05-16","3.08"
"7Y8T","2022-06-24","2.9"
"7Y8Y","2022-06-24","3"
"7YRU","2022-08-10","2.6"
"8B7W","2022-10-03","2.85"
"8CXG","2022-05-21","3.2"
"8CXH","2022-05-21","3.2"
"8CXI","2022-05-21","3.4"
"8D29","2022-05-28","1.81"
"8D3A","2022-06-01","2.9"
"8D7E","2022-06-07","2.93"
"8DB4","2022-06-14","2.3"
"8DCM","2022-06-16","2.5"
"8DCN","2022-06-16","2.6"
"8DED","2022-06-20","4.1"
"8DEF","2022-06-20","4.2"
"8DJK","2022-06-30","3.33"
"8DJM","2022-07-01","3.23"
"8DK7","2022-07-04","2.46"
"8DP0","2022-07-14","2.96"
"8DP3","2022-07-14","1.91"
"8E1M","2022-08-10","2.9"
"8E8L","2022-08-25","3.13"
"8E8R","2022-08-25","2.66"
"8E8S","2022-08-25","2.73"
"8E8X","2022-08-26","2.91"
"8E8Y","2022-08-26","2.5"
"8E8Z","2022-08-26","3.15"
"8EJ4","2022-09-16","3.4"
"8EZ3","2022-10-31","2.5"
"8EZ7","2022-10-31","2.6"
"8EZ8","2022-10-31","2.78"
"8FE3","2022-12-05","10.2"
"8FE4","2022-12-05","9.8"
"8FFJ","2022-12-08","7.5"
"8FGX","2022-12-13","2.62"
"8G23","2023-02-03","2.71"
"8GDG","2023-03-05"
"8GDH","2023-03-05"
"8GIM","2023-03-14","2.63"
"8GIN","2023-03-14","2.75"
"8GIP","2023-03-14","2.7"
"8GQV","2022-08-31","2.4"
"8GQW","2022-08-31","2.48"
"8GSC","2022-09-06","3.4"
"8GSD","2022-09-06","3.1"
"8GSF","2022-09-06","3.6"
"8IPC","2023-03-14","2.2"
"8J6K","2023-04-26","3.12"
"8JN2","2023-06-06","4.1"
"8JN3","2023-06-06","5.4"
"8JN4","2023-06-06","3.5"
"8JN5","2023-06-06","3.6"
"8JN6","2023-06-06","9.8"
"8JN7","2023-06-06","11"
"8K33","2023-07-14","2.13"
"8K3A","2023-07-14","2.74"
"8K3L","2023-07-16","2.3"
"8SE5","2023-04-08","1.43"
"8SE6","2023-04-08","1.36"
"8SH5","2023-04-13","2.75"
"8SML","2023-04-26","3.3"
"8SMM","2023-04-26","3.2"
"8SMN","2023-04-26","3.2"
"8SMP","2023-04-26","3.4"
"8SQH","2023-05-04","3.69"
"8STH","2023-05-10","1.97"
"8STI","2023-05-10","1.72"
"8SV1","2023-05-15","3.5"
"8SXP","2023-05-23","2.9"
"8T29","2023-06-05","3.13"
"8T2A","2023-06-05","3.17"
"8T2B","2023-06-05","3.18"
"8T2O","2023-06-06","3.29"
"8T66","2023-06-15","1.85"
"8TFH","2023-07-11","3.29"
"8U0J","2023-08-29","3.1"
"8U0U","2023-08-29","3.04"
"8U0W","2023-08-29","2.99"
"8U3K","2023-09-07","2.5"
"8UKV","2023-10-15","2.94"
"8V52","2023-11-30","2.5"
"8VGH","2023-12-27","2.9"
"8VGI","2023-12-27","2.7"
"8VGJ","2023-12-27","2.5"
"8VGK","2023-12-27","2.4"
"8VGP","2023-12-27","2.7"
"8VGQ","2023-12-27","2.8"
"8VK1","2024-01-08","3.05"
"8VM8","2024-01-13","1.54"
"8VM9","2024-01-13","2.2"
"8VMA","2024-01-13","2.54"
"8VMB","2024-01-13","2.97"
"8VRS","2024-01-22","2.47"
"8VUH","2024-01-29","4.42"
"8VXA","2024-02-03","2.79"
"8VXC","2024-02-04","2.93"
"8W2S","2024-02-21","3.4"
"8WE4","2023-09-17","2.91"
"8WEO","2023-09-18","1.5"
"8Y0Q","2024-01-23","2.44"
"8Y0R","2024-01-23","2.52"
"8YE6","2024-02-22","2.95"
"8YE9","2024-02-22","3.43"
"8YVJ","2024-03-28","1.65"
"8YVO","2024-03-28","2.1"
"8ZM3","2024-05-22","3.1"
"8ZOL","2024-05-28","2.55"
"9BF5","2024-04-16","3.07"
"9BGK","2024-04-19","3.28"
"9C6Q","2024-06-08","3.18"
"9JUB","2024-10-07","3.1"
"1A3R","1998-01-23","2.1"
"1AFV","1997-03-14","3.7"
"1CDC","1995-05-23","2"
"1D5M","1999-10-07","2"
"1D5X","1999-10-12","2.45"
"1D5Z","1999-10-12","2"
"1D6E","1999-10-13","2.45"
"1EO8","2000-03-22","2.8"
"1F58","1998-10-21","2"
"1FCG","1999-04-07","2"
"1FFN","2000-07-25","2.7"
"1FFO","2000-07-25","2.65"
"1FFP","2000-07-25","2.6"
"1FRG","1994-01-17","2.8"
"1G1Q","2000-10-13","2.4"
"1G1R","2000-10-13","3.4"
"1G1S","2000-10-13","1.9"
"1G1T","2000-10-13","1.5"
"1G9M","2000-11-24","2.2"
"1G9N","2000-11-25","2.9"
"1H9V","2001-03-21","3"
"1IM3","2001-05-09","2.2"
"1IQD","2001-07-21","2"
"1J5O","2002-05-24","3.5"
"1JH5","2001-06-27","3"
"1JMM","2001-07-19","2.4"
"1KEN","2001-11-16","3.5"
"1KG0","2001-11-25","2.65"
"1N5Y","2002-11-07","3.1"
"1N6Q","2002-11-11","3"
"1O77","2002-10-24","3.2"
"1PQZ","2003-06-19","2.1"
"1QFU","1999-04-14","2.8"
"1R0A","2003-09-19","2.8"
"1RZJ","2003-12-24","2.2"
"1RZK","2003-12-24","2.9"
"1TJG","2004-06-04","2"
"1TJH","2004-06-04","2.1"
"1TJI","2004-06-04","2.2"
"1TQB","2004-06-17","2.55"
"1TQC","2004-06-17","2.8"
"1TWQ","2004-07-01","2.3"
"1UJ3","2003-07-25","2.1"
"1XIW","2004-09-22","1.9"
"1XU6","2004-10-25"
"1YJD","2005-01-14","2.7"
"1YYL","2005-02-25","2.75"
"1YYM","2005-02-25","2.2"
"1Z3G","2005-03-12","3.3"
"1Z6I","2005-03-22","2.5"
"1ZA3","2005-04-05","3.35"
"1ZHN","2005-04-26","2.8"
"1ZTX","2005-05-27","2.5"
"1ZWI","2005-06-03","2.5"
"1ZXG","2005-06-08"
"1ZXH","2005-06-08"
"2ADF","2005-07-20","1.9"
"2ATK","2005-08-25","2.5"
"2AXF","2005-09-05","1.8"
"2AXG","2005-09-05","2"
"2B4C","2005-09-23","3.3"
"2B9L","2005-10-12","2"
"2BOB","2005-04-09","2.76"
"2BOC","2005-04-09","3.01"
"2D31","2005-09-23","3.2"
"2D8I","2005-12-06"
"2DD8","2006-01-24","2.3"
"2E8D","2007-01-19"
"2ESG","2005-10-26"
"2FSE","2006-01-22","3.1"
"2FWO","2006-02-02","2.6"
"2GI9","2006-03-28","1.14"
"2I5Y","2006-08-26","2.2"
"2I60","2006-08-26","2.4"
"2I9L","2006-09-05","3.1"
"2IKQ","2006-10-02","2.609"
"2JK5","2008-08-15","2.4"
"2JWG","2007-10-12"
"2JWH","2007-10-12"
"2K4F","2008-06-07"
"2KLU","2009-07-08"
"2KXA","2010-04-29"
"2LK9","2011-10-07"
"2NXY","2006-11-20","2"
"2NXZ","2006-11-20","2.04"
"2NY0","2006-11-20","2.2"
"2NY1","2006-11-20","1.99"
"2NY2","2006-11-20","2"
"2NY3","2006-11-20","2"
"2NY4","2006-11-20","2"
"2NY5","2006-11-20","2.5"
"2NY6","2006-11-20","2.8"
"2NY7","2006-11-20","2.3"
"2O39","2006-12-01","2.85"
"2OAY","2006-12-18","2.35"
"2PLP","2007-04-20"
"2QAD","2007-06-14","3.3"
"2QHR","2007-07-02","2"
"2QKI","2007-07-11","2.4"
"2QQH","2007-07-26","2.5"
"2R29","2007-08-24","3"
"2R69","2007-09-05","3.8"
"2UZI","2007-04-27","2"
"2VC2","2007-09-18","3.1"
"2VDK","2007-10-10","2.8"
"2VDL","2007-10-10","2.75"
"2VDM","2007-10-10","2.9"
"2VDN","2007-10-10","2.9"
"2VDO","2007-10-10","2.51"
"2VDP","2007-10-10","2.8"
"2VDQ","2007-10-10","2.59"
"2VDR","2007-10-10","2.4"
"2W0F","2008-08-14","2.4"
"2WY3","2009-11-11","1.8"
"2XQY","2010-09-08","2.05"
"2XT1","2010-10-03","1.32"
"2XV6","2010-10-22","1.89"
"2XWT","2010-11-05","1.9"
"2Y6S","2011-01-25","2.8"
"2YPL","2012-10-30","2.4"
"2Z22","2007-05-17","2"
"2ZJS","2008-03-08","3.2"
"3BGF","2007-11-26","3"
"3BN3","2007-12-13","2.099"
"3BSZ","2007-12-27","3.38"
"3CFI","2008-03-03","2.58"
"3CSY","2008-04-10","3.4"
"3EJY","2008-09-18","3.2"
"3EJZ","2008-09-18","2.9"
"3EOA","2008-09-26","2.8"
"3EOB","2008-09-26","3.6"
"3FF7","2008-12-02","1.8"
"3FF8","2008-12-02","2"
"3FKU","2008-12-17","3.2"
"3G9A","2009-02-13","1.614"
"3GBM","2009-02-20","2.7"
"3GBN","2009-02-20","2.2"
"3GKW","2009-03-11","2.5"
"3H0T","2009-04-10","1.89"
"3HI1","2009-05-18","2.9"
"3HI6","2009-05-19","2.3"
"3HPL","2009-06-04","3.2"
"3I50","2009-07-03","3"
"3INB","2009-08-12","3.1"
"3J5M","2013-10-26","5.8"
"3J70","2014-04-22","20"
"3JCB","2015-11-25"
"3JCC","2015-11-25"
"3K1K","2009-09-28","2.15"
"3LZF","2010-03-01","2.8"
"3LZG","2010-03-01","2.6"
"3MOP","2010-04-23","3.4"
"3NGB","2010-06-11","2.68"
"3O41","2010-07-26","1.95"
"3O45","2010-07-26","2.872"
"3O8E","2010-08-03","2.84"
"3OGO","2010-08-17","2.8"
"3OR6","2010-09-06","2.7"
"3OR7","2010-09-06","2.3"
"3P9W","2010-10-18","2.41"
"3PNW","2010-11-19","2.05"
"3Q3G","2010-12-21","2.7"
"3QA3","2011-01-10","3"
"3QA8","2011-01-10","3.6"
"3QT2","2011-02-22","2.55"
"3RHW","2011-04-12","3.26"
"3RI5","2011-04-12","3.4"
"3RIA","2011-04-13","3.8"
"3RIF","2011-04-13","3.345"
"3RJQ","2011-04-15","2.601"
"3RKD","2011-04-18","1.9"
"3RZF","2011-05-11","4"
"3S88","2011-05-27","3.351"
"3SDY","2011-06-09","2.85"
"3SE8","2011-06-10","1.895"
"3SE9","2011-06-10","2"
"3SOB","2011-06-30","1.9"
"3TYG","2011-09-25","3.25"
"3U7Y","2011-10-14","2.4478"
"3UAJ","2011-10-21","3.232"
"3UBE","2011-10-24","2.15"
"3UBJ","2011-10-24","2.25"
"3UBN","2011-10-24","2.5079"
"3UBQ","2011-10-24","2"
"3UC0","2011-10-25","2.71"
"3VE0","2012-01-06","3.353"
"3VI3","2011-09-21","2.9"
"3VI4","2011-09-21","2.9"
"3VRL","2012-04-12","3.2"
"3W9E","2013-04-03","2.3"
"3WE1","2013-06-27","2.278"
"3WHE","2013-08-25","4"
"3ZDX","2012-12-03","2.45"
"3ZTJ","2011-07-08","3.41"
"3ZTN","2011-07-12","3.001"
"4BZ1","2013-07-23","2.15"
"4CC8","2013-10-18","6"
"4DAG","2012-01-12","3.3904"
"4DGV","2012-01-26","1.805"
"4DGY","2012-01-27","1.798"
"4DVR","2012-02-23","2.5"
"4EMZ","2012-04-12","2.9"
"4EN2","2012-04-12","2.58"
"4ETQ","2012-04-24","2.1"
"4F2M","2012-05-08","3"
"4FFV","2012-06-01","2.4"
"4FFW","2012-06-01","2.9"
"4FFY","2012-06-01","2.5"
"4FFZ","2012-06-01","3.8"
"4FP8","2012-06-21","2.947"
"4FQI","2012-06-25","1.71"
"4FQJ","2012-06-25","2.5"
"4FQK","2012-06-25","5.65"
"4FQR","2012-06-25","4.1"
"4FQV","2012-06-25","5.75"
"4FQY","2012-06-25","5.253"
"4GFT","2012-08-03","1.6"
"4GMS","2012-08-16","2.95"
"4GXU","2012-09-04","3.294"
"4H8W","2012-09-24","1.85"
"4HF5","2012-10-04","3.004"
"4HFU","2012-10-05","3.106"
"4HG4","2012-10-06","3.2"
"4HIX","2012-10-12","2.204"
"4HKJ","2012-10-15","3"
"4HKX","2012-10-15","2.5"
"4HLZ","2012-10-17","2.9"
"4HPO","2012-10-24","1.694"
"4HPY","2012-10-24","1.5"
"4HSA","2012-10-29","3.15"
"4I3R","2012-11-26","3"
"4I3S","2012-11-26","2.85"
"4J6R","2013-02-11","1.64"
"4JAN","2013-02-18","3.15"
"4JB9","2013-02-19","2.6"
"4JDT","2013-02-25","3.26"
"4JKP","2013-03-11","2.82"
"4JM2","2013-03-13","3.1"
"4JO1","2013-03-16","2.033"
"4JO2","2013-03-16","2.5"
"4JO3","2013-03-16","2.6"
"4JO8","2013-03-18","3.2"
"4JPK","2013-03-19","2.4"
"4JPV","2013-03-19","2.827"
"4JPW","2013-03-19","2.904"
"4JR9","2013-03-21","2.6"
"4JRE","2013-03-21","2.8"
"4JZJ","2013-04-03","2.801"
"4JZN","2013-04-03","2.05"
"4JZO","2013-04-03","2.22"
"4L4T","2013-06-09","2"
"4L4V","2013-06-09","1.9"
"4L5F","2013-06-11","2.45"
"4LCW","2013-06-24","2.4"
"4LMQ","2013-07-10","2.773"
"4LSP","2013-07-23","2.15"
"4LSQ","2013-07-23","2.25"
"4LSR","2013-07-23","2.28"
"4LSS","2013-07-23","2.59"
"4LST","2013-07-23","2.55"
"4LSU","2013-07-23","2.3"
"4LSV","2013-07-23","3"
"4LVN","2013-07-26","2.25"
"4LVO","2013-07-26","2.26"
"4M5Z","2013-08-08","2.25"
"4M7L","2013-08-12","3.4"
"4MHH","2013-08-29","3.564"
"4MHJ","2013-08-29","6.98"
"4NCO","2013-10-24","4.7"
"4NM8","2013-11-14","4.0041"
"4NNP","2013-11-18","2.69"
"4NQV","2013-11-25","2.39"
"4NQX","2013-11-26","2"
"4NZR","2013-12-12","1.65"
"4NZT","2013-12-12","2.497"
"4O58","2013-12-19","2.7501"
"4O5I","2013-12-19","6.501"
"4OII","2014-01-19","3"
"4OLU","2014-01-25","2.202"
"4OLV","2014-01-25","2.5"
"4OLW","2014-01-25","2.709"
"4OLX","2014-01-25","2.2"
"4OLY","2014-01-25","2.351"
"4OLZ","2014-01-25","2.1"
"4OM0","2014-01-25","2.289"
"4OM1","2014-01-25","2.131"
"4OQT","2014-02-10","3.23"
"4ORZ","2014-02-12","2"
"4OT1","2014-02-13","2.11"
"4P59","2014-03-15","3.4"
"4P9H","2014-04-04","3"
"4PDC","2014-04-17","1.991"
"4PLK","2014-05-18","4"
"4PY8","2014-03-26","2.91"
"4Q0X","2014-04-02","2.9"
"4QKX","2014-06-10","3.3"
"4QYZ","2014-07-26","3.0303"
"4RFN","2014-09-26","3.21"
"4RWY","2014-12-08","2.128"
"4RX4","2014-12-08","3.45"
"4S1Q","2015-01-14","2.4"
"4TNV","2014-06-05","3.6"
"4TNW","2014-06-05","3.2"
"4TVP","2014-06-27","3.1"
"4UBD","2014-08-12","3.5"
"4UF7","2015-03-13","1.7"
"4UTB","2014-07-18","3.85"
"4UUJ","2014-07-29","2.4"
"4WEB","2014-09-09","2.4"
"4WJK","2014-09-30","1.85"
"4WK0","2014-10-01","1.78"
"4WK2","2014-10-01","2.5"
"4WK4","2014-10-01","2.5"
"4X42","2014-12-02","2.78"
"4XHJ","2015-01-05","3.156"
"4XI5","2015-01-06","3.9"
"4XMK","2015-01-14","3.179"
"4XMM","2015-01-14","7.384"
"4XNM","2015-01-15","2.51"
"4XNQ","2015-01-15","2.001"
"4XRC","2015-01-20","2.74"
"4XVS","2015-01-27","1.9"
"4XVT","2015-01-28","1.69"
"4Y5V","2015-02-12","2.604"
"4Y5X","2015-02-12","3.15"
"4Y5Y","2015-02-12","2.85"
"4YBL","2015-02-18","3.1"
"4YBQ","2015-02-19","3.27"
"4YC2","2015-02-19","3.02"
"4YE4","2015-02-23","2.72"
"4YJZ","2015-03-03","2.72"
"4YK4","2015-03-03","2.8"
"4YWG","2015-03-20","2.998"
"4Z7N","2015-04-07","2.599"
"4Z7O","2015-04-07","2.85"
"4Z7Q","2015-04-07","2.7"
"4ZFF","2015-04-21","2.75"
"4ZFG","2015-04-21","2.27"
"4ZPT","2015-05-08","2.591"
"4ZPV","2015-05-08","3.2"
"4ZXB","2015-05-20","3.3"
"5A8H","2015-07-15","23"
"5AWW","2015-07-10","2.724"
"5BO1","2015-05-26","2.56"
"5BXF","2015-06-08","2.851"
"5C0R","2015-06-12","3.188"
"5C0S","2015-06-12","4.3"
"5CAY","2015-06-30","3"
"5CEZ","2015-07-08","3.031"
"5CJB","2015-07-14","2.398"
"5CJQ","2015-07-14","3.6"
"5CJS","2015-07-15","4.3"
"5CJX","2015-07-15","3.584"
"5DMI","2015-09-08","3.69"
"5DMJ","2015-09-08","2.79"
"5DO2","2015-09-10","2.409"
"5EN2","2015-11-09","1.821"
"5EOQ","2015-11-10","1.95"
"5EOR","2015-11-10","2.27"
"5ERW","2015-11-15","2.9"
"5F3B","2015-12-02","1.76"
"5F3H","2015-12-02","2.7"
"5FCU","2015-12-15","1.85"
"5FHC","2015-12-21","6.704"
"5GMQ","2016-07-15","2.703"
"5GZN","2016-09-29","3"
"5GZO","2016-09-29","2.755"
"5H35","2016-10-20","2.642"
"5H77","2016-11-17","3.197"
"5HDB","2016-01-05","2.7012"
"5HDQ","2016-01-05","1.83"
"5HJ3","2016-01-12","3.3"
"5IES","2016-02-25","2.16"
"5IF0","2016-02-25","2.44"
"5IHL","2016-02-29","3.3"
"5J3H","2016-03-30","3.27"
"5JHL","2016-04-21","3"
"5JS9","2016-05-07","6.918"
"5JSA","2016-05-07","6.308"
"5JYL","2016-05-14","2.55"
"5JYM","2016-05-14","2.45"
"5JZI","2016-05-16","2.5"
"5KEL","2016-06-09","4.3"
"5KEM","2016-06-09","5.5"
"5KEN","2016-06-09","4.3"
"5KTE","2016-07-11","3.941"
"5KVD","2016-07-14","1.65"
"5KVE","2016-07-14","1.7"
"5KVF","2016-07-14","1.4"
"5KVG","2016-07-14","1.4"
"5KZP","2016-07-25","2.262"
"5LBS","2016-06-17","2.41"
"5LCV","2016-06-22","2.64"
"5N09","2017-02-02","3.9"
"5N0A","2017-02-02","3.9"
"5T3X","2016-08-26","3.9"
"5T3Z","2016-08-26","3.5"
"5TJW","2016-10-05","3.231"
"5TOJ","2016-10-17","3.3"
"5TOK","2016-10-17","3.8"
"5TZN","2016-11-22","2.6"
"5U1F","2016-11-28","6.8"
"5U3J","2016-12-02","2.74"
"5U3K","2016-12-02","2.637"
"5U3L","2016-12-02","2.165"
"5U3M","2016-12-02","2.418"
"5U3N","2016-12-02","2"
"5U3O","2016-12-02","1.761"
"5U68","2016-12-07","3.083"
"5U7M","2016-12-12","3.025"
"5U7O","2016-12-12","3.031"
"5UDC","2016-12-26","3.45"
"5UDD","2016-12-26","4.3"
"5UG0","2017-01-06","3.4"
"5UGY","2017-01-10","2.801"
"5UJZ","2017-01-19","4.8"
"5UK0","2017-01-19","4.8"
"5UK1","2017-01-19","4.8"
"5UK2","2017-01-19","4.8"
"5UM8","2017-01-26","3.935"
"5UQY","2017-02-08","3.6"
"5USH","2017-02-13","2.3"
"5USL","2017-02-13","2.9"
"5UTY","2017-02-15","3.412"
"5V2A","2017-03-03","4.656"
"5V6L","2017-03-17","2.549"
"5V6M","2017-03-17","1.9"
"5V7J","2017-03-20","2.907"
"5V8L","2017-03-22","4.3"
"5V8M","2017-03-22","4.4"
"5VGJ","2017-04-11","3.456"
"5VIY","2017-04-17","6.2"
"5VJ6","2017-04-18","11.5"
"5VK2","2017-04-20","3.201"
"5VK6","2017-04-21","2.25"
"5VKE","2017-04-21","2.37"
"5VKH","2017-04-21","2.25"
"5VOB","2017-05-02","3.02"
"5VOC","2017-05-02","3.99"
"5VOD","2017-05-02","5.9"
"5W08","2017-05-30","2.6"
"5W0D","2017-05-30","1.899"
"5W0K","2017-05-31","3.1"
"5W1K","2017-06-03","3.99"
"5W1M","2017-06-03","3.91"
"5W23","2017-06-05","3.4"
"5W2B","2017-06-06","2.25"
"5W4L","2017-06-12","2.92"
"5W6D","2017-06-16","3.202"
"5W6G","2017-06-16","2.79"
"5WN9","2017-07-31","1.551"
"5WNA","2017-07-31","2.4"
"5WNB","2017-07-31","2.4"
"5X2M","2017-02-02","2.206"
"5X2N","2017-02-02","2.2"
"5X2O","2017-02-02","2.6"
"5X2P","2017-02-02","2.608"
"5X2Q","2017-02-02","2.6"
"5XBM","2017-03-20","3.501"
"5XHV","2017-04-24","3.35"
"5Y11","2017-07-19","2.1"
"5Y9C","2017-08-24","3.443"
"5Y9F","2017-08-24","3.35"
"5YHL","2017-09-28","4.2"
"5YWY","2017-11-30","3.2"
"6A0Z","2018-06-06","2.329"
"6A4K","2018-06-20","3.15"
"6AOD","2017-08-15","1.8"
"6B0N","2017-09-14","3.4"
"6B3M","2017-09-22","3.92"
"6B44","2017-09-25","2.9"
"6B46","2017-09-25","3.1"
"6B70","2017-10-03","3.7"
"6B9J","2017-10-10","2.9"
"6BCK","2017-10-20","2.7"
"6BF4","2017-10-25","2.382"
"6BLH","2017-11-10","2"
"6BLI","2017-11-10","2.12"
"6BP2","2017-11-21","3.172"
"6BRB","2017-11-30","2.82"
"6CE0","2018-02-09","4.602"
"6CMG","2018-03-05","2.7"
"6CMI","2018-03-05","2.72"
"6CVK","2018-03-28","2.38"
"6CWD","2018-03-30","3.33"
"6CWT","2018-03-30","3.151"
"6CXC","2018-04-02","3.9"
"6DFG","2018-05-14","4.42"
"6DFH","2018-05-14","3.85"
"6DZV","2018-07-05","4.2"
"6DZW","2018-07-05","4.3"
"6DZY","2018-07-05","4.1"
"6DZZ","2018-07-05","3.6"
"6E3H","2018-07-14","2.9"
"6E4X","2018-07-18","2.25"
"6E56","2018-07-19","2"
"6EA5","2018-08-02","4.75"
"6EA7","2018-08-02","4.25"
"6IEA","2018-09-13","2"
"6IEB","2018-09-13","2.409"
"6IEC","2018-09-13","3.2"
"6IEK","2018-09-14","2.7"
"6IVZ","2018-12-04","2.4"
"6IW0","2018-12-04","3.6"
"6IW2","2018-12-04","2.9"
"6J5D","2019-01-10","1.8"
"6J5F","2019-01-10","1.801"
"6J5G","2019-01-10","3.291"
"6JMQ","2019-03-13","3.31"
"6JMR","2019-03-13","4.1"
"6JP7","2019-03-26","1.909"
"6KRZ","2019-08-22","3.05"
"6KS0","2019-08-22","2.79"
"6KS1","2019-08-22","2.4"
"6KTR","2019-08-28","2.59775753879"
"6LBH","2019-11-14","3.7"
"6M3B","2020-03-03","2.2"
"6M3C","2020-03-03","3.7"
"6MAM","2018-08-28","4.1"
"6MFP","2018-09-11","3"
"6MFT","2018-09-12","2.315"
"6MG7","2018-09-13","2.91"
"6MJZ","2018-09-24","4.3"
"6MLM","2018-09-27","3.5"
"6MYY","2018-11-02","3.8"
"6MZJ","2018-11-05","4.8"
"6N5B","2018-11-21","3.5"
"6N5D","2018-11-21","3"
"6N5E","2018-11-21","3"
"6N6B","2018-11-26","2.3"
"6N7J","2018-11-27","3.684"
"6NF5","2018-12-18","3.71"
"6NI2","2018-12-26","4"
"6NI3","2018-12-26","3.8"
"6NIP","2018-12-31","4.16"
"6NIU","2018-12-31","4.303"
"6NJL","2019-01-03","6.7"
"6NJM","2019-01-03","6.5"
"6NQD","2019-01-21","3.9"
"6NYP","2019-02-11","2.7"
"6O7H","2019-03-07","2.9"
"6OE4","2019-03-27","3.3"
"6OE5","2019-03-27","4.1"
"6OKP","2019-04-14","3.28"
"6OLP","2019-04-16","4.2"
"6OPN","2019-04-25","3.5"
"6OPO","2019-04-25","3.5"
"6OPP","2019-04-25","3.7"
"6OPQ","2019-04-25","3.8"
"6ORN","2019-04-30","4.05"
"6ORO","2019-04-30","3.9"
"6ORP","2019-04-30","4.4"
"6ORQ","2019-04-30","4.4"
"6OTC","2019-05-02","1.7"
"6OUS","2019-05-05","3.4"
"6OYA","2019-05-14","3.3"
"6OZ9","2019-05-15","3.462"
"6P3S","2019-05-24","4"
"6P59","2019-05-29","2.94221405643"
"6P62","2019-05-31","3.57"
"6P65","2019-05-31","3.94"
"6P91","2019-06-09","4"
"6P95","2019-06-09","3.5"
"6PA0","2019-06-11","2.05"
"6PCI","2019-06-17","4.12"
"6PCU","2019-06-18","2.4"
"6PW6","2019-07-22","4.5"
"6PXH","2019-07-26","2.3"
"6PZ8","2019-07-31","4.19"
"6PZW","2019-08-01","3"
"6PZY","2019-08-01","3.17"
"6PZZ","2019-08-01","3.6"
"6TYS","2019-08-09","3.5"
"6U02","2019-08-13","3.05"
"6U1N","2019-08-16","4"
"6U59","2019-08-27","3.86"
"6UBI","2019-09-11","1.903"
"6UCE","2019-09-16","1.382"
"6UCF","2019-09-16","1.29"
"6UDA","2019-09-19","4.2"
"6UDJ","2019-09-19","2.5"
"6UDK","2019-09-19","3.9"
"6UJB","2019-10-02","3.51"
"6UJC","2019-10-02","3.56"
"6ULC","2019-10-07","4.6"
"6UM5","2019-10-09","4.2"
"6UM6","2019-10-09","4.3"
"6UM7","2019-10-09","3.5"
"6UMG","2019-10-09","2.7"
"6UMX","2019-10-10","2.79"
"6UOE","2019-10-14","1.8"
"6UR5","2019-10-22","4"
"6URH","2019-10-23","2.2"
"6URM","2019-10-23","2.65"
"6USF","2019-10-26","3.87"
"6UTK","2019-10-29","3.8"
"6UVO","2019-11-03","2.9"
"6UYD","2019-11-13","1.897"
"6UYE","2019-11-13","3.96"
"6UYF","2019-11-13","2.06"
"6UYM","2019-11-13","2.848"
"6UYN","2019-11-13","2.85"
"6V4P","2019-11-28","2.8"
"6V6W","2019-12-06","6.5"
"6V8X","2019-12-12","3"
"6V8Z","2019-12-12","2.9"
"6VBO","2019-12-19","1.683"
"6VBP","2019-12-19","2.298"
"6VBQ","2019-12-19","2.116"
"6VEL","2020-01-02","2.65"
"6VJT","2020-01-17","1.782"
"6VKN","2020-01-21","3.7"
"6VLR","2020-01-24","4.42"
"6VLW","2020-01-27","3.42"
"6VN0","2020-01-29","4.25"
"6VN1","2020-01-29","2.8"
"6VPX","2020-02-04","5"
"6VTT","2020-02-13","3.7"
"6VY4","2020-02-25","2"
"6VY5","2020-02-25","3.4"
"6VY6","2020-02-25","2.6"
"6VYV","2020-02-27","6.33"
"6VZI","2020-02-28","2.716"
"6W03","2020-02-28","2.4"
"6W41","2020-03-09","3.084"
"6W4M","2020-03-11","3.2"
"6W4S","2020-03-11","3.2"
"6WAQ","2020-03-25","2.2"
"6WAR","2020-03-25","3.4"
"6WBV","2020-03-27","2.5"
"6WEX","2020-04-03","3.49"
"6WEZ","2020-04-03","3.21"
"6WF0","2020-04-03","3.46"
"6WF1","2020-04-03","4.19"
"6WHA","2020-04-07","3.36"
"6WHI","2020-04-08","4.2"
"6WHK","2020-04-08","2.6"
"6WIT","2020-04-10","2.79"
"6WIX","2020-04-10","2.67"
"6WO3","2020-04-24","2.382"
"6WO5","2020-04-24","2.619"
"6WOQ","2020-04-25","3.667"
"6WPS","2020-04-27","3.1"
"6WPT","2020-04-27","3.7"
"6WWC","2020-05-09","2.563"
"6WX2","2020-05-09","2.39"
"6X78","2020-05-29","2.359"
"6X7W","2020-05-30","1.7"
"6X96","2020-06-02","3.4"
"6X97","2020-06-02","3.65"
"6X98","2020-06-02","3.38"
"6X9R","2020-06-03","3.1"
"6X9S","2020-06-03","3.1"
"6X9T","2020-06-03","3.2"
"6X9U","2020-06-03","3.2"
"6X9V","2020-06-03","3.5"
"6X9X","2020-06-03","1.8"
"6XC2","2020-06-08","3.112"
"6XC3","2020-06-08","2.698"
"6XC4","2020-06-08","2.341"
"6XC7","2020-06-08","2.883"
"6XCJ","2020-06-08","2.8"
"6XCM","2020-06-08","3.42"
"6XCN","2020-06-08","3.66"
"6XDG","2020-06-10","3.9"
"6XE1","2020-06-11","2.75"
"6XEY","2020-06-14","3.25"
"6XKP","2020-06-26","2.72"
"6XKQ","2020-06-26","2.55"
"6XKR","2020-06-27","2.59"
"6XMI","2020-06-30","1.51"
"6XPQ","2020-07-08","4.2"
"6XPR","2020-07-08","4.092"
"6XPX","2020-07-09","2.598"
"6XPY","2020-07-09","3.603"
"6XPZ","2020-07-09","3.45"
"6XQ0","2020-07-09","2.3"
"6XQ2","2020-07-09","3.002"
"6XQ4","2020-07-09","3.347"
"6XRT","2020-07-13","3.9"
"6XSK","2020-07-15","3.85"
"6XSW","2020-07-16","2.98"
"6ZER","2020-06-16","3.8"
"7BEH","2020-12-23","2.3"
"7BEI","2020-12-23","2.3"
"7BEJ","2020-12-23","2.42"
"7BEK","2020-12-23","2.04"
"7BEL","2020-12-23","2.53"
"7BEM","2020-12-24","2.52"
"7BEN","2020-12-24","2.5"
"7BEO","2020-12-24","3.19"
"7BEP","2020-12-24","2.61"
"7BPK","2020-03-23","3.1"
"7BQ5","2020-03-24","2.99"
"7BSC","2020-03-30","2.31"
"7BSD","2020-03-30","2.53"
"7BZ5","2020-04-26","1.84"
"7C2L","2020-05-08","3.1"
"7CEB","2020-06-22","2.89"
"7CEC","2020-06-22","3.9"
"7CH4","2020-07-05","3.15"
"7CH5","2020-07-05","2.7"
"7CHB","2020-07-05","2.4"
"7CHC","2020-07-05","2.71"
"7CHE","2020-07-05","3.416"
"7CHF","2020-07-05","2.674"
"7CHH","2020-07-05","3.49"
"7CN2","2020-07-29","3.43"
"7CR5","2020-08-12","2.08"
"7D0B","2020-09-09","3.9"
"7D0C","2020-09-09","3.4"
"7D0D","2020-09-09","3.8"
"7D6I","2020-09-30","3.41"
"7DJZ","2020-11-22","2.397"
"7DK0","2020-11-22","3.199"
"7DK2","2020-11-22","3"
"7DM1","2020-12-01","2.1"
"7DM2","2020-12-01","2.4"
"7DNH","2020-12-09","3.64"
"7DNK","2020-12-09","6.41"
"7DNL","2020-12-09","4.19"
"7DPM","2020-12-20","3.304"
"7E39","2021-02-08","3.7"
"7E3B","2021-02-08","4.2"
"7E3C","2021-02-08","4.2"
"7E5R","2021-02-20","3.6"
"7E5S","2021-02-20","3.6"
"7E86","2021-03-01","2.9"
"7E88","2021-03-01","3.14"
"7E8M","2021-03-02","2.09"
"7E9N","2021-03-04","3.69"
"7E9O","2021-03-04","3.41"
"7E9P","2021-03-04","3.69"
"7E9Q","2021-03-04","3.65"
"7EAM","2021-03-07","1.4"
"7ECW","2021-03-13","3.1"
"7EJY","2021-04-03","3.04"
"7EJZ","2021-04-03","3.63"
"7EK0","2021-04-03","2.7"
"7ELN","2021-04-12","3"
"7EQG","2021-05-01","3.2"
"7EUO","2021-05-18","2.9"
"7F3Q","2021-06-16","3.3"
"7F6Y","2021-06-26","3"
"7F6Z","2021-06-26","3"
"7F7H","2021-06-29","3.19"
"7FAE","2021-07-06","3.65"
"7FAF","2021-07-06","3.69"
"7FAH","2021-07-06","3.151"
"7FBJ","2021-07-11","2.85"
"7FBK","2021-07-11","1.9"
"7FCI","2021-07-14","3.3"
"7FJN","2021-08-04","3.25"
"7FJO","2021-08-04","3.34"
"7FJS","2021-08-04","2.9"
"7JIX","2020-07-23","3.901"
"7JKT","2020-07-28","2.75"
"7JL0","2020-07-29","4.3"
"7JL2","2020-07-29","4.3"
"7JMP","2020-08-02","1.712"
"7JMW","2020-08-03","2.89"
"7JN5","2020-08-03","2.705"
"7JTF","2020-08-17","3.35"
"7JTG","2020-08-17","2.6"
"7JTI","2020-08-17","7.4"
"7JV2","2020-08-20","3.5"
"7JV4","2020-08-20","3.4"
"7JV6","2020-08-20","3"
"7JVA","2020-08-20","3.6"
"7JVC","2020-08-20","3.3"
"7JW0","2020-08-24","4.3"
"7JWB","2020-08-25","3.2"
"7JX3","2020-08-26","2.65"
"7K43","2020-09-14","2.6"
"7K45","2020-09-14","3.7"
"7K4N","2020-09-15","3.3"
"7K66","2020-09-18","3.92"
"7K8M","2020-09-27","3.2"
"7K8S","2020-09-27","3.4"
"7K8T","2020-09-27","3.4"
"7K8U","2020-09-27","3.8"
"7K8V","2020-09-27","3.8"
"7K8W","2020-09-27","3.6"
"7K8X","2020-09-27","3.9"
"7K8Y","2020-09-27","4.4"
"7K8Z","2020-09-27","3.5"
"7K90","2020-09-27","3.24"
"7K9H","2020-09-29","3.2"
"7K9I","2020-09-29","3.3"
"7K9J","2020-09-29","3"
"7K9K","2020-09-29","3.14"
"7KBA","2020-10-01","2.8"
"7KBB","2020-10-01","4.02"
"7KBT","2020-10-02","4.15"
"7KDD","2020-10-08","3.5"
"7KDE","2020-10-08","3.55"
"7KEJ","2020-10-11","3.8"
"7KEW","2020-10-13","4.16"
"7KEX","2020-10-13","4.25"
"7KF9","2020-10-13","4.4"
"7KFB","2020-10-13","3.9"
"7KFE","2020-10-13","6.6"
"7KFH","2020-10-13","3.8"
"7KFV","2020-10-15","2.102"
"7KFW","2020-10-15","2.792"
"7KFX","2020-10-15","2.226"
"7KFY","2020-10-15","2.157"
"7KI4","2020-10-23","2.9"
"7KI6","2020-10-23","2.8"
"7KKH","2020-10-27","2"
"7KKK","2020-10-27","3.03"
"7KKL","2020-10-27","2.85"
"7KLC","2020-10-29","4.3"
"7KLG","2020-10-30","3.2"
"7KLH","2020-10-30","3"
"7KM5","2020-11-02","3.19"
"7KMD","2020-11-02","3.39228580771"
"7KMG","2020-11-02","2.16"
"7KMH","2020-11-02","1.72"
"7KMI","2020-11-02","1.73"
"7KMK","2020-11-03","4.2"
"7KML","2020-11-03","3.8"
"7KN3","2020-11-04","2.251"
"7KN4","2020-11-04","2.7"
"7KN5","2020-11-04","1.87"
"7KN6","2020-11-04","2.55"
"7KN7","2020-11-04","2.73"
"7KQ7","2020-11-13","2.203"
"7KQB","2020-11-14","2.42"
"7KQE","2020-11-15","2.88"
"7KQG","2020-11-16","2.6"
"7KQH","2020-11-16","3.5"
"7KQI","2020-11-16","4.2"
"7KR5","2020-11-18","3.3"
"7KRA","2020-11-19","3.2"
"7KS9","2020-11-21","4.75"
"7KSG","2020-11-22","3.33"
"7KTX","2020-11-24","4.3"
"7KXJ","2020-12-04","6.4"
"7KXK","2020-12-04","5"
"7KYL","2020-12-08","2"
"7KYO","2020-12-08","2.85"
"7KZB","2020-12-10","2.83"
"7L02","2020-12-10","3.2"
"7L06","2020-12-11","3.3"
"7L09","2020-12-11","3.1"
"7L0L","2020-12-11","2.85"
"7L2C","2020-12-16","3.65"
"7L2D","2020-12-16","3.55"
"7L2E","2020-12-16","2.97"
"7L2F","2020-12-16","3.9"
"7L3N","2020-12-18","3.27"
"7L56","2020-12-21","3.6"
"7L57","2020-12-21","5.87"
"7L58","2020-12-21","5.07"
"7L5B","2020-12-21","3.18"
"7L5J","2020-12-22","3.2"
"7L7D","2020-12-28","2.5"
"7L7E","2020-12-28","3"
"7L86","2020-12-31","3.4"
"7L87","2020-12-31","3.6"
"7L88","2020-12-31","3.6"
"7L89","2020-12-31","3.8"
"7L8A","2020-12-31","3.3"
"7L8B","2020-12-31","3.7"
"7L8C","2020-12-31","3.4"
"7L8D","2020-12-31","4.6"
"7L8S","2020-12-31","4.3"
"7L8T","2020-12-31","3.7"
"7L8U","2021-01-01","4.5"
"7L8W","2021-01-01","4.1"
"7L8X","2021-01-01","3"
"7L8Y","2021-01-01","4.2"
"7L8Z","2021-01-01","3.8"
"7L90","2021-01-01","4.5"
"7LAA","2021-01-06","3.42"
"7LAB","2021-01-06","2.97"
"7LBE","2021-01-07","2.9"
"7LBF","2021-01-07","2.8"
"7LBG","2021-01-07","2.6"
"7LDD","2021-01-13","3.4"
"7LDJ","2021-01-13","2.36"
"7LFZ","2021-01-19","1.9"
"7LG0","2021-01-19","2.3"
"7LG2","2021-01-19","2.4"
"7LG3","2021-01-19","2.3"
"7LG6","2021-01-19","3.28"
"7LJ4","2021-01-28","2.782"
"7LJ5","2021-01-28","2.26"
"7LJA","2021-01-28","2.77"
"7LJB","2021-01-28","2.97"
"7LJR","2021-01-30","3.66"
"7LL1","2021-02-03","3.73"
"7LL2","2021-02-03","3.73"
"7LLK","2021-02-04","4.8"
"7LM8","2021-02-05","1.936"
"7LM9","2021-02-05","1.53"
"7LO6","2021-02-09","3.9"
"7LOK","2021-02-10","3.9"
"7LOP","2021-02-10","2.246"
"7LQV","2021-02-15","3.25"
"7LQW","2021-02-15","4.47"
"7LR3","2021-02-15","2.8"
"7LR4","2021-02-15","2.1"
"7LRS","2021-02-17","3.89"
"7LRT","2021-02-17","3.54"
"7LS9","2021-02-17","3.42"
"7LSB","2021-02-18","2.492"
"7LSE","2021-02-18","2.35"
"7LSF","2021-02-18","2.24"
"7LSG","2021-02-18","1.86"
"7LSI","2021-02-18","2.4"
"7LSS","2021-02-18","3.72"
"7LU9","2021-02-21","5.6"
"7LUA","2021-02-21","4.7"
"7LUC","2021-02-22","3.21"
"7LUE","2021-02-22","2.9"
"7LVW","2021-02-26","2.1"
"7LWD","2021-03-01","3.65"
"7LX2","2021-03-03","3.12"
"7LX3","2021-03-03","3.45"
"7LXM","2021-03-04","3.41"
"7LXN","2021-03-04","3.85"
"7LXW","2021-03-05","2.8"
"7LXX","2021-03-05","3"
"7LXY","2021-03-05","2.2"
"7LXZ","2021-03-05","2.6"
"7LY0","2021-03-05","2.6"
"7LY2","2021-03-05","2.5"
"7LY3","2021-03-05","3"
"7LY9","2021-03-06","3.91"
"7M2H","2021-03-16","2.642"
"7M2I","2021-03-16","2.695"
"7M2J","2021-03-16","3.201"
"7M30","2021-03-17","3.81"
"7M3I","2021-03-18","2.8"
"7M42","2021-03-19","3.3"
"7M51","2021-03-22","1.8"
"7M52","2021-03-22","1.5"
"7M53","2021-03-22","1.4"
"7M55","2021-03-22","1.4"
"7M7E","2021-03-28","3.2"
"7M7F","2021-03-28","3.2"
"7M7G","2021-03-28","4.1"
"7M7H","2021-03-28","4.1"
"7M7I","2021-03-28","3.4"
"7M7J","2021-03-28","4.3"
"7M7W","2021-03-29","2.65"
"7M8J","2021-03-29","3.48"
"7M8L","2021-03-30","3.9"
"7MDW","2021-04-06","3.58"
"7ME7","2021-04-06","3.73"
"7MEJ","2021-04-06","3.55"
"7MEM","2021-04-06","3.2"
"7MF1","2021-04-08","2.092"
"7MFG","2021-04-09","3.87"
"7MGX","2021-04-13","3.13"
"7MH6","2021-04-14","2.85"
"7MJI","2021-04-20","2.81"
"7MJJ","2021-04-20","3.32"
"7MJK","2021-04-20","2.73"
"7MJL","2021-04-20","2.95"
"7MJS","2021-04-20","3.03"
"7MK2","2021-04-21","3.8"
"7MK3","2021-04-21","3.06"
"7MKB","2021-04-22","1.9"
"7MKL","2021-04-24","3.2"
"7MKM","2021-04-24","3.16"
"7MLZ","2021-04-29","3.71"
"7MM0","2021-04-29","3.15"
"7MMN","2021-04-29","3.57"
"7MMO","2021-04-30","2.427"
"7MN8","2021-04-30","3.45"
"7MNM","2021-05-01","4.7"
"7MNN","2021-05-01","6.7"
"7MRZ","2021-05-10","3"
"7MW2","2021-05-15","2.97"
"7MW3","2021-05-15","3.15"
"7MW4","2021-05-15","3.42"
"7MW5","2021-05-15","3.42"
"7MW6","2021-05-15","3.22"
"7MWW","2021-05-17","2.71"
"7MWX","2021-05-17","3.32"
"7MXD","2021-05-19","3.4"
"7MXP","2021-05-19","4.46"
"7MY2","2021-05-20","2.65"
"7MY3","2021-05-20","2.9"
"7N0I","2021-05-25","2.2"
"7N0R","2021-05-25","1.42"
"7N28","2021-05-28","4.2"
"7N3I","2021-06-01","2.03"
"7N4I","2021-06-04","2.284"
"7N4J","2021-06-04","2.207"
"7N4L","2021-06-04","3.601"
"7N4M","2021-06-04","3.79"
"7N5H","2021-06-05","3.24"
"7N62","2021-06-07","4"
"7N64","2021-06-07","4.2"
"7N65","2021-06-07","4.15"
"7N6D","2021-06-08","2.3"
"7N6E","2021-06-08","3.2"
"7N8H","2021-06-14","2.3"
"7N8I","2021-06-14","3"
"7N9A","2021-06-17","3.5"
"7N9B","2021-06-17","3.8"
"7N9C","2021-06-17","3.71"
"7N9E","2021-06-17","3.52"
"7N9U","2021-06-18","3.19"
"7N9V","2021-06-18","3.45"
"7N9X","2021-06-18","3.511"
"7NAB","2021-06-21","2.15"
"7ND3","2021-01-30","3.7"
"7ND4","2021-01-30","3.6"
"7ND5","2021-01-30","3.4"
"7ND6","2021-01-30","7.3"
"7ND7","2021-01-30","3.6"
"7ND8","2021-01-30","3.5"
"7ND9","2021-01-30","2.8"
"7NDB","2021-01-30","4.6"
"7NDC","2021-01-30","4.1"
"7NDD","2021-01-30","4.2"
"7NEG","2021-02-04","2.19"
"7NEH","2021-02-04","1.77"
"7NX6","2021-03-17","2.25"
"7NX7","2021-03-17","2.3"
"7NX8","2021-03-17","1.95"
"7NX9","2021-03-17","2.4"
"7NXA","2021-03-17","2.5"
"7NXB","2021-03-17","2.67"
"7Q6E","2021-11-07","2.7"
"7Q9F","2021-11-12","3.6"
"7Q9G","2021-11-12","3.3"
"7Q9I","2021-11-12","4.9"
"7Q9J","2021-11-12","4"
"7Q9K","2021-11-12","4.5"
"7Q9M","2021-11-12","3.7"
"7Q9P","2021-11-12","4.5"
"7R6W","2021-06-23","1.83"
"7R6X","2021-06-23","2.95"
"7R7N","2021-06-25","3.95"
"7R7V","2021-06-25","1.6"
"7R7W","2021-06-25","1.17"
"7R7X","2021-06-25","2.099"
"7R7Y","2021-06-25","1.601"
"7R80","2021-06-25","2.9"
"7R87","2021-06-26","3.4"
"7R88","2021-06-26","3.5"
"7R8L","2021-06-26","2.6"
"7R8M","2021-06-26","3.4"
"7R8N","2021-06-26","3.55"
"7R8O","2021-06-26","3.5"
"7R8U","2021-06-27","1.901"
"7R98","2021-06-28","2.51"
"7RA8","2021-06-30","3.1"
"7RAL","2021-07-01"
"7RBU","2021-07-06","3.7"
"7RBV","2021-07-06","3.6"
"7RFB","2021-07-14","2.7"
"7RFC","2021-07-14","3.24"
"7RKS","2021-07-22","2.7"
"7RKU","2021-07-22","3.2"
"7RKV","2021-07-22","3.45"
"7RNJ","2021-07-29","2.67"
"7RQ6","2021-08-05","4.18"
"7RR0","2021-08-08","3.12"
"7RSN","2021-08-11","3.49"
"7RSO","2021-08-11","4.1"
"7RU3","2021-08-16","3.3"
"7RU4","2021-08-16","3.3"
"7RU5","2021-08-16","3.6"
"7RU8","2021-08-16","3.8"
"7RW2","2021-08-19","3.5"
"7S07","2021-08-30","3.29"
"7S0B","2021-08-30","2.9"
"7S0C","2021-08-30","3.25"
"7S0D","2021-08-30","3.5"
"7S0E","2021-08-30","4.9"
"7S3M","2021-09-07","2.4"
"7S3N","2021-09-07","1.9"
"7S4S","2021-09-09","2.05"
"7S4U","2021-09-09","3.56"
"7S4V","2021-09-09","3.28"
"7S4X","2021-09-09","2.76"
"7S5P","2021-09-11","2.86"
"7S5Q","2021-09-11","2.88"
"7S5R","2021-09-11","2.45"
"7S6I","2021-09-14","3.2"
"7S6J","2021-09-14","3.4"
"7S6K","2021-09-14","3.4"
"7S6L","2021-09-14","4"
"7S83","2021-09-17","2.52"
"7S8G","2021-09-17","2.57"
"7S8H","2021-09-17","2.7"
"7SB3","2021-09-23","3.3"
"7SB4","2021-09-23","4.7"
"7SB5","2021-09-23","4.2"
"7SBV","2021-09-26","3.1"
"7SBW","2021-09-26","3.2"
"7SBX","2021-09-26","3"
"7SBY","2021-09-26","3"
"7SC1","2021-09-26","3.2"
"7SCN","2021-09-28","3.02"
"7SCO","2021-09-28","3.37"
"7SD3","2021-09-29","3.67"
"7SD5","2021-09-29","1.53"
"7SEM","2021-09-30","2.2"
"7SGF","2021-10-05","4.41"
"7SH0","2021-10-07","3.2"
"7SI2","2021-10-12","3.2"
"7SJ0","2021-10-15","3.36"
"7SK3","2021-10-19","3.8"
"7SK4","2021-10-19","3.3"
"7SK5","2021-10-19","4"
"7SK7","2021-10-19","3.3"
"7SK8","2021-10-19","3.3"
"7SK9","2021-10-19","3.7"
"7SKZ","2021-10-22","1.86"
"7SL5","2021-10-22","2.5"
"7SN3","2021-10-27","3.1"
"7SO9","2021-10-29","2.4"
"7SOA","2021-10-29","3.1"
"7SOB","2021-10-29","2.4"
"7SOC","2021-10-29","3.3"
"7SOD","2021-10-29","3.2"
"7SOE","2021-10-29","2.8"
"7SOF","2021-10-29","3.6"
"7SPO","2021-11-02","1.92"
"7SPP","2021-11-02","1.96"
"7SQ1","2021-11-04","3.8"
"7SSC","2021-11-10","1.8"
"7SSU","2021-11-11","3.22"
"7ST3","2021-11-11","2.78"
"7STG","2021-11-12","2.7"
"7STR","2021-11-15","1.5"
"7STS","2021-11-15","2.16"
"7STZ","2021-11-15","2.95"
"7SWD","2021-11-19","3.59"
"7SWN","2021-11-20","4.3"
"7SWO","2021-11-20","4.1"
"7SWP","2021-11-20","3.8"
"7SWW","2021-11-21","3.13"
"7SWX","2021-11-21","3.13"
"7SX6","2021-11-22","3.4"
"7SX7","2021-11-22","2.15"
"7SYY","2021-11-25","2.74"
"7SYZ","2021-11-25","2.86"
"7T0W","2021-11-30","3"
"7T0Z","2021-11-30","3"
"7T2P","2021-12-06","3.47"
"7T3D","2021-12-07","3.38"
"7T3M","2021-12-08","3"
"7T4G","2021-12-09","3.7"
"7T4Q","2021-12-10","2.9"
"7T4R","2021-12-10","3.3"
"7T4S","2021-12-10","3.1"
"7T5O","2021-12-12","3.39"
"7T67","2021-12-13","3"
"7T6B","2021-12-13","3.19"
"7T6X","2021-12-14","3.83"
"7T73","2021-12-14","4"
"7T74","2021-12-14","3.35"
"7T75","2021-12-14","2.7"
"7T76","2021-12-14","4.43"
"7T77","2021-12-14","4.75"
"7T7B","2021-12-14","2.59"
"7T8W","2021-12-17","3.1"
"7T9A","2021-12-18","3.54"
"7T9B","2021-12-18","3.72"
"7T9T","2021-12-20","3.7"
"7TAS","2021-12-21","3.2"
"7TAT","2021-12-21","3.2"
"7TB8","2021-12-21","2.83"
"7TBF","2021-12-21","3.1"
"7TC9","2021-12-23","5.08"
"7TCA","2021-12-23","3.85"
"7TCC","2021-12-23","3.86"
"7TCQ","2021-12-28","2.02"
"7TE1","2022-01-03","3.5"
"7TE6","2022-01-04","4.55"
"7TE9","2022-01-04","3.92"
"7TEB","2022-01-04","4.23"
"7TEE","2022-01-04","6.59"
"7TEQ","2022-01-05","7.51"
"7TER","2022-01-05","5.23"
"7TES","2022-01-05","4.7"
"7TET","2022-01-05","4.45"
"7TFN","2022-01-06","4"
"7TFO","2022-01-06","4.1"
"7THE","2022-01-10","3.87"
"7THT","2022-01-12","3.42"
"7TJQ","2022-01-16","3.13"
"7TL0","2022-01-17","3.06"
"7TN0","2022-01-20","2.85"
"7TN9","2022-01-20","3.1"
"7TOW","2022-01-24","2.15"
"7TP4","2022-01-24","1.95"
"7TPR","2022-01-25","2.39"
"7TQG","2022-01-26","2.07"
"7TRH","2022-01-28","3"
"7TRI","2022-01-28","3.6"
"7TRK","2022-01-29","2.8"
"7TRP","2022-01-30","2.4"
"7TRQ","2022-01-30","2.5"
"7TRS","2022-01-30","2.8"
"7TTM","2022-02-01","2.24"
"7TTX","2022-02-02","2.8"
"7TTY","2022-02-02","3.11"
"7TVJ","2022-02-05","2.39"
"7TYV","2022-02-14","2.8"
"7TZ5","2022-02-15","3.41"
"7U09","2022-02-17","2.1"
"7U0A","2022-02-17","1.7"
"7U0B","2022-02-17","2.79"
"7U0C","2022-02-17","3.3"
"7U0D","2022-02-17","4.8"
"7U0E","2022-02-18","2.1"
"7U0L","2022-02-18","3.3"
"7U0Q","2022-02-18","3.86"
"7U0X","2022-02-19","3.82"
"7U2D","2022-02-23","2.76"
"7U2E","2022-02-23","2.85"
"7U8E","2022-03-08","2.29"
"7U8J","2022-03-08","4.9"
"7U8L","2022-03-08","4.56"
"7U8M","2022-03-08","5.39"
"7U9G","2022-03-10","3.39"
"7U9O","2022-03-11","3.4"
"7U9P","2022-03-11","3.5"
"7UCE","2022-03-16","2.25"
"7UCF","2022-03-16","4"
"7UCG","2022-03-16","3.5"
"7UDS","2022-03-20","3.1"
"7UGN","2022-03-25","3.4"
"7UGO","2022-03-25","4.1"
"7UGP","2022-03-25","4.2"
"7UGQ","2022-03-25","3.4"
"7UI0","2022-03-28","3.4"
"7UJD","2022-03-30","2.5"
"7UKL","2022-04-01","3.09"
"7UKM","2022-04-01","3.03"
"7UL0","2022-04-03","2.49"
"7UL1","2022-04-03","2.65"
"7UL7","2022-04-04","3.59"
"7UOJ","2022-04-13","4.02"
"7UOP","2022-04-13","2.8"
"7UOT","2022-04-13","2.77"
"7UOV","2022-04-14","2.75"
"7UP9","2022-04-14","2.9"
"7UPA","2022-04-14","2.5"
"7UPB","2022-04-14","3"
"7UPD","2022-04-14","2.4"
"7UPK","2022-04-15","2.8"
"7UPM","2022-04-15","2.7"
"7UR4","2022-04-21","3.34"
"7UR6","2022-04-21","3.46"
"7URQ","2022-04-22","2.05"
"7URS","2022-04-22","2.4"
"7UST","2022-04-25","1.7"
"7USV","2022-04-25","2.1"
"7UVH","2022-05-02","2.59"
"7UVI","2022-05-02","2.92"
"7UVO","2022-05-02","2.09"
"7UVQ","2022-05-02","3.29"
"7UVS","2022-05-02","2.06"
"7UYL","2022-05-06","2"
"7UYM","2022-05-06","2.2"
"7UZ4","2022-05-08","3.1"
"7UZ5","2022-05-08","3.2"
"7UZ6","2022-05-08","2.8"
"7UZ7","2022-05-08","2.9"
"7UZ8","2022-05-08","3.1"
"7UZ9","2022-05-08","3.5"
"7UZA","2022-05-08","3.1"
"7UZB","2022-05-08","4.1"
"7UZC","2022-05-08","2.2"
"7UZD","2022-05-08","3"
"7VFA","2021-09-11","1.75"
"7VFB","2021-09-11","2"
"7VGR","2021-09-18","2.7"
"7VGS","2021-09-18","2.8"
"7VN9","2021-10-10","4.49"
"7VNG","2021-10-11","3.8"
"7VQ0","2021-10-18","3.03"
"7VYR","2021-11-15","2.2"
"7VZT","2021-11-16","3.41"
"7W1S","2021-11-20","1.997"
"7WBZ","2021-12-17","2.42"
"7WCD","2021-12-19","3.3"
"7WE7","2021-12-23","3.8"
"7WE8","2021-12-23","3.5"
"7WE9","2021-12-23","3.6"
"7WEA","2021-12-23","3.3"
"7WEB","2021-12-23","3.7"
"7WEC","2021-12-23","3.3"
"7WED","2021-12-23","3.5"
"7WEE","2021-12-23","4"
"7WEF","2021-12-23","3.8"
"7WH8","2021-12-30","3.11"
"7WHB","2021-12-30","2.67"
"7WHD","2021-12-30","2.65"
"7WJ5","2022-01-05","3.72"
"7WLC","2022-01-13","4"
"7WLY","2022-01-14","3.4"
"7WLZ","2022-01-14","2.98"
"7WM0","2022-01-14","3.35"
"7WN2","2022-01-17","2.35"
"7WNB","2022-01-18","2.18"
"7WON","2022-01-22","3.9"
"7WP0","2022-01-22","3.71"
"7WP1","2022-01-22","3.77"
"7WP2","2022-01-22","3.52"
"7WP5","2022-01-22","3.9"
"7WP6","2022-01-23","3.81"
"7WP8","2022-01-23","3.88"
"7WPH","2022-01-23","2.89"
"7WRO","2022-01-27","3.4"
"7WS0","2022-01-28","3.2"
"7WS1","2022-01-28","3.4"
"7WS2","2022-01-28","3.3"
"7WS3","2022-01-28","3.6"
"7WS4","2022-01-28","3.7"
"7WS5","2022-01-28","3.7"
"7WS6","2022-01-28","3.8"
"7WS7","2022-01-28","3.4"
"7WT7","2022-02-04","3.4"
"7WT8","2022-02-04","3.6"
"7WT9","2022-02-04","4.3"
"7WTF","2022-02-04","3"
"7WTG","2022-02-04","3.8"
"7WTH","2022-02-04","4.3"
"7WTI","2022-02-04","3.8"
"7WTJ","2022-02-04","4.2"
"7WTK","2022-02-04","3.6"
"7WUE","2022-02-08","3.2"
"7WUH","2022-02-08","4.7"
"7WUR","2022-02-09","3.5"
"7WVL","2022-02-10","3"
"7WVM","2022-02-10","3.4"
"7WWI","2022-02-13","3.5"
"7WWJ","2022-02-13","3.5"
"7WWK","2022-02-13","3.4"
"7X08","2022-02-21","2.7"
"7X1M","2022-02-24","2.74"
"7X26","2022-02-25","3.685"
"7X27","2022-02-25","2.49"
"7X2H","2022-02-25","2.1"
"7X2J","2022-02-25","2.4"
"7X2K","2022-02-25","2.4"
"7X2L","2022-02-25","2.4"
"7X2M","2022-02-25","1.8"
"7X63","2022-03-06","2.24"
"7X66","2022-03-06","2.4"
"7X6A","2022-03-07","3.5"
"7X7D","2022-03-09","2.92"
"7X7E","2022-03-09","2.67"
"7X7T","2022-03-10","3.48"
"7X7U","2022-03-10","3.77"
"7X7V","2022-03-10","3.83"
"7X9E","2022-03-15","2.6"
"7XD2","2022-03-26","3.3"
"7XEG","2022-03-31","2.69"
"7XEI","2022-03-31","2.76"
"7XH8","2022-04-07","2.99"
"7XIC","2022-04-12","3.3"
"7XIK","2022-04-13","2.89"
"7XIL","2022-04-13","2.91"
"7XJ6","2022-04-15","3.29"
"7XJ8","2022-04-15","3.3"
"7XJ9","2022-04-15","3.27"
"7XNO","2022-04-29","2.54"
"7XOD","2022-05-01","3.27"
"7XRP","2022-05-11","3.88"
"7XS8","2022-05-13","2.8"
"7XSA","2022-05-13","2.2"
"7XSB","2022-05-13","3.2"
"7XSC","2022-05-13","2.88"
"7XSW","2022-05-15","3.3"
"7XXL","2022-05-30","7.3"
"7XY3","2022-05-31","4.6"
"7XY4","2022-05-31","3.3"
"7Y0C","2022-06-04","2.94"
"7Y0N","2022-06-05","3.8"
"7Y0O","2022-06-05","4.4"
"7Y0V","2022-06-06","2.48"
"7Y3N","2022-06-11","2.97"
"7Y3O","2022-06-11","2.1"
"7Y58","2022-06-16","3.8"
"7Y6K","2022-06-20","3.34"
"7Y7J","2022-06-22","3.8"
"7Y7K","2022-06-22","4.4"
"7Y8J","2022-06-24","1.03"
"7YAD","2022-06-27","2.66"
"7YC5","2022-06-30","3.1"
"7YCK","2022-07-01","2.6"
"7YCL","2022-07-01","2.13"
"7YCN","2022-07-01","2.85"
"7YDI","2022-07-04","3.98"
"7YDY","2022-07-04","4.75"
"7YE5","2022-07-05","6.75"
"7YE9","2022-07-05","4.17"
"7YEG","2022-07-05","3.73"
"7YH6","2022-07-12","3.4"
"7YH7","2022-07-13","3.3"
"7YHK","2022-07-13","3.14"
"7YHS","2022-07-14","3.37"
"7YI6","2022-07-15","2.28"
"7YK4","2022-07-21","2.7"
"7YKJ","2022-07-22","3.5"
"7YLB","2022-07-26","2.41"
"7YLD","2022-07-26","2.8"
"7YOW","2022-08-02","3.3"
"7YRN","2022-08-10","2.99"
"7Z0Y","2022-02-23","2.95"
"8CSJ","2022-05-12","3.53"
"8CT6","2022-05-13","3.1"
"8CW9","2022-05-18","3.46"
"8CZ5","2022-05-24","2.645"
"8D01","2022-05-25","2.46"
"8D0Y","2022-05-26","4.7"
"8D0Z","2022-05-26","3.7"
"8D21","2022-05-27","3.96"
"8D4R","2022-06-02","3.81"
"8D50","2022-06-03","4.32"
"8D53","2022-06-03","3.24"
"8D5C","2022-06-04","3.9"
"8D8Q","2022-06-08","4.2"
"8D8R","2022-06-08","4.1"
"8D9Y","2022-06-12","2.2"
"8D9Z","2022-06-12","1.8"
"8DA0","2022-06-12","2.2"
"8DA1","2022-06-12","2.67"
"8DAD","2022-06-13","3.85"
"8DAM","2022-06-13","2"
"8DBZ","2022-06-15","4.1"
"8DCC","2022-06-16","2.6"
"8DCE","2022-06-16","2"
"8DD2","2022-06-17","2.9"
"8DD3","2022-06-17","2.9"
"8DFG","2022-06-22","2"
"8DFH","2022-06-22","2.3"
"8DFI","2022-06-22","1.9"
"8DI5","2022-06-28","3.04"
"8DIM","2022-06-29","2.62"
"8DIS","2022-06-29","2.62"
"8DIU","2022-06-29","2.61"
"8DJG","2022-06-30","2.65"
"8DLY","2022-07-08","3"
"8DLZ","2022-07-08","2.57"
"8DM0","2022-07-08","3.21"
"8DM3","2022-07-08","2.37"
"8DM4","2022-07-08","2.45"
"8DMH","2022-07-08","3.19"
"8DMJ","2022-07-08","3.2"
"8DN7","2022-07-10","2"
"8DNN","2022-07-11","3.12"
"8DOK","2022-07-13","3.2"
"8DOW","2022-07-14","3.69"
"8DP1","2022-07-14","3.46"
"8DPL","2022-07-15","2.53"
"8DPM","2022-07-15","3"
"8DPZ","2022-07-18","3.38"
"8DT3","2022-07-25","3.3"
"8DTK","2022-07-25","3.77"
"8DTO","2022-07-26","3.57"
"8DUA","2022-07-27","4.32"
"8DVD","2022-07-28","4.12"
"8DW2","2022-07-30","4.11"
"8DW3","2022-07-30","4.26"
"8DW9","2022-08-01","4"
"8DWA","2022-08-01","3.2"
"8DWW","2022-08-02","3.13"
"8DWX","2022-08-02","3.27"
"8DWY","2022-08-02","3.18"
"8DXS","2022-08-03","3.76"
"8DY6","2022-08-03","4.32"
"8DZH","2022-08-07","3.2"
"8DZI","2022-08-07","3.5"
"8E0E","2022-08-09","2"
"8E1P","2022-08-11","3.82"
"8E99","2022-08-26","4.24"
"8EE5","2022-09-06","3.583"
"8EE8","2022-09-06","2.803"
"8EED","2022-09-07","3.487"
"8EEE","2022-09-07","2.819"
"8EJJ","2022-09-16","3.22"
"8EL2","2022-09-22","2.89"
"8ELG","2022-09-24","1.65"
"8ELH","2022-09-24","1.85"
"8ELJ","2022-09-24","3.6"
"8ELO","2022-09-26","2.72"
"8ELP","2022-09-26","2.83"
"8ELQ","2022-09-26","2.21"
"8EQ6","2022-10-07","1.65"
"8ERQ","2022-10-12","3.3"
"8ERR","2022-10-12","3.1"
"8EUU","2022-10-19","2.7"
"8EUV","2022-10-19","2.6"
"8EUW","2022-10-19","2.7"
"8EYG","2022-10-27","3.73"
"8EYH","2022-10-27","3.75"
"8F0G","2022-11-02","3.35"
"8F0H","2022-11-02","3.18"
"8F0I","2022-11-03","3.7"
"8F0J","2022-11-03","2"
"8F0K","2022-11-03","1.9"
"8F2A","2022-11-07","2.2"
"8F2B","2022-11-07","2"
"8F2J","2022-11-08","3.16"
"8F38","2022-11-09","2.64"
"8F4P","2022-11-11","3.7"
"8F6X","2022-11-17","3.25"
"8F92","2022-11-23","3.14"
"8F9G","2022-11-23","3.2"
"8F9M","2022-11-23","4.1"
"8FAH","2022-11-26","4.22"
"8FAX","2022-11-28","2.1"
"8FBW","2022-11-30","2.35"
"8FFE","2022-12-08","1.72"
"8FHY","2022-12-15","2.53"
"8FI9","2022-12-15","4.2"
"8FR6","2023-01-06","2.5"
"8FXB","2023-01-24","3.1"
"8FXC","2023-01-24","3.2"
"8FYI","2023-01-26","3.4"
"8FYJ","2023-01-26","4"
"8G30","2023-02-06","3.1"
"8G3M","2023-02-08","3"
"8G3N","2023-02-08","2.9"
"8G3O","2023-02-08","3.1"
"8G3P","2023-02-08","2.5"
"8G3Q","2023-02-08","2.3"
"8G3R","2023-02-08","2.3"
"8G3V","2023-02-08","2.2"
"8G3Z","2023-02-08","2.3"
"8G40","2023-02-08","2.8"
"8G4T","2023-02-10","2.81"
"8G6U","2023-02-16","3.16"
"8G70","2023-02-16","3.4"
"8G72","2023-02-16","5.6"
"8G73","2023-02-16","2.5"
"8G74","2023-02-16","2.5"
"8G75","2023-02-16","3.4"
"8G76","2023-02-16","3.8"
"8G77","2023-02-16","2.8"
"8G78","2023-02-16","3.4"
"8G79","2023-02-16","6.1"
"8G7A","2023-02-16","3.3"
"8G7B","2023-02-16","3.2"
"8G7C","2023-02-16","4.1"
"8GAS","2023-02-23","4.04"
"8GAT","2023-02-23","3"
"8GAU","2023-02-23","3.6"
"8GAV","2023-02-23","2.7"
"8GF2","2023-03-07","2.851"
"8GHK","2023-03-10","3.47"
"8GIO","2023-03-14","2.67"
"8GIR","2023-03-14","2.5"
"8GIS","2023-03-14","2.46"
"8GIT","2023-03-14","2.72"
"8GJE","2023-03-15","3.4"
"8GNG","2022-08-23","3.2"
"8GO8","2022-08-24","3.41"
"8GO9","2022-08-24","3.35"
"8GOC","2022-08-24","4.18"
"8GOM","2022-08-25","2.783"
"8GON","2022-08-25","2.601"
"8GS9","2022-09-05","2.66"
"8GSB","2022-09-05","3.99"
"8GSE","2022-09-06","3.7"
"8GTO","2022-09-08","3.2"
"8GTP","2022-09-08","3.1"
"8GTQ","2022-09-08","3.1"
"8GV5","2022-09-14","3.2"
"8GV6","2022-09-14","3.4"
"8GV7","2022-09-14","2.6"
"8GX9","2022-09-19","4.01"
"8GZ5","2022-09-25","1.7"
"8GZN","2022-09-27","3.6"
"8GZZ","2022-09-27","3.52"
"8H00","2022-09-27","3.41"
"8H01","2022-09-27","3.7"
"8H07","2022-09-28","2.9"
"8H08","2022-09-28","3.2"
"8H4I","2022-10-10","3.06"
"8H4K","2022-10-10","3.1"
"8H4L","2022-10-10","3.07"
"8H63","2022-10-15","1.53"
"8H64","2022-10-15","2.35"
"8H7L","2022-10-20","2.44"
"8H7Z","2022-10-21","3.07"
"8H91","2022-10-24","3.07"
"8HC2","2022-11-01","6.21"
"8HC3","2022-11-01","4.35"
"8HC4","2022-11-01","3.54"
"8HC5","2022-11-01","3.43"
"8HC6","2022-11-01","4.69"
"8HC7","2022-11-01","4.54"
"8HC8","2022-11-01","3.95"
"8HC9","2022-11-01","6.03"
"8HCA","2022-11-01","4.35"
"8HCB","2022-11-01","4.18"
"8HEB","2022-11-08","3.53"
"8HEC","2022-11-08","3.5"
"8HED","2022-11-08","3.59"
"8HES","2022-11-08","2.2"
"8HGL","2022-11-15","2.9"
"8HGM","2022-11-15","3.4"
"8HHX","2022-11-17","3.62"
"8HHY","2022-11-17","2.77"
"8HHZ","2022-11-17","4.28"
"8HLD","2022-11-29","2.8"
"8HN6","2022-12-07","2.07"
"8HN7","2022-12-07","3"
"8HP9","2022-12-12","2.75"
"8HPF","2022-12-12","2.34"
"8HPJ","2022-12-12","3.3"
"8HPK","2022-12-12","3"
"8HPQ","2022-12-12","2.85"
"8HPT","2022-12-13","3.39"
"8HPU","2022-12-13","2.56"
"8HPV","2022-12-13","2.65"
"8HQ7","2022-12-13","2.7"
"8HQC","2022-12-13","3.89"
"8HR2","2022-12-14","1.94"
"8HRD","2022-12-15","2.86"
"8HWS","2023-01-02","2.36"
"8HWT","2023-01-02","2.91"
"8HXA","2023-01-04","3.04"
"8HXC","2023-01-04","3.12"
"8I0N","2023-01-11","3.26"
"8I0Q","2023-01-11","4.45"
"8I0Z","2023-01-12","4.33"
"8I10","2023-01-12","3.96"
"8I3S","2023-01-17","3.9"
"8I3U","2023-01-18","3.6"
"8I4E","2023-01-19","3.98"
"8I4F","2023-01-19","3.44"
"8I4G","2023-01-19","3.68"
"8I4H","2023-01-19","3.81"
"8I5H","2023-01-25","2.38"
"8I5I","2023-01-25","3.06"
"8I95","2023-02-06","2.88"
"8I97","2023-02-06","3.19"
"8I9A","2023-02-06","3.57"
"8I9L","2023-02-07","3.18"
"8I9S","2023-02-07","3.26"
"8IA2","2023-02-07","3.21"
"8IC0","2023-02-10","3.41"
"8IDN","2023-02-13","3.35"
"8IJS","2023-02-28","1.752"
"8IJZ","2023-02-28","2.1, 2.1"
"8ILX","2023-03-05","3.29"
"8IM0","2023-03-05","1.31"
"8IM1","2023-03-05","2.05"
"8ITU","2023-03-23","3.68"
"8IUY","2023-03-25","2.9"
"8IUZ","2023-03-25","3"
"8IV0","2023-03-25","2.9"
"8IV4","2023-03-26","3.59"
"8IV5","2023-03-26","3.77"
"8IV8","2023-03-26","3.92"
"8IVA","2023-03-26","3.95"
"8IX3","2023-03-31","3.98"
"8J1T","2023-04-13","3.3"
"8J1V","2023-04-13","3.01"
"8J5J","2023-04-23","3"
"8J6I","2023-04-26","2.92"
"8J7S","2023-04-28","2.84"
"8J8R","2023-05-02","2.9"
"8J8V","2023-05-02","3.22"
"8J8Z","2023-05-02","3.4"
"8J97","2023-05-02","3.2"
"8J9K","2023-05-03","3.5"
"8JA3","2023-05-05","3.94"
"8JA5","2023-05-05","2.79"
"8JAF","2023-05-05","3.1"
"8JKF","2023-06-01","2.83"
"8JKH","2023-06-01","2.64"
"8JLJ","2023-06-02","3.1"
"8JLK","2023-06-02","3.22"
"8JLN","2023-06-02","3.24"
"8JLQ","2023-06-02","2.84"
"8JLR","2023-06-02","3"
"8JQM","2023-06-14","2.8"
"8JQN","2023-06-14","2.8"
"8JQS","2023-06-14","2.63"
"8JR3","2023-06-16","3.22"
"8JSO","2023-06-20","3.4"
"8JVA","2023-06-28","2.81"
"8JZP","2023-07-06","3.45"
"8JZZ","2023-07-06","3.31"
"8K3C","2023-07-15","2.88"
"8K3K","2023-07-16","2.43"
"8K45","2023-07-17","3.66"
"8K46","2023-07-17","3.37"
"8K47","2023-07-17","3.54"
"8K5G","2023-07-21","3.41"
"8K5H","2023-07-21","3.22"
"8KDM","2023-08-09","2.87"
"8KDR","2023-08-10","3.4"
"8KDS","2023-08-10","3.05"
"8KDT","2023-08-10","3.04"
"8KEH","2023-08-11","3.21"
"8KEJ","2023-08-11","3.73"
"8KEK","2023-08-11","3.54"
"8KEO","2023-08-13","2.78"
"8KEP","2023-08-13","2.93"
"8KEQ","2023-08-13","3.14"
"8KER","2023-08-13","2.95"
"8KFA","2023-08-15","3.04"
"8KG5","2023-08-17","3.17"
"8KHR","2023-08-22","3.25"
"8SAK","2023-04-01","3"
"8SAL","2023-04-01","4.9"
"8SAN","2023-04-01","4.6"
"8SAQ","2023-04-01","3.9"
"8SAR","2023-04-01","3.82"
"8SAS","2023-04-01","4"
"8SAT","2023-04-02","4.5"
"8SAU","2023-04-02","3.3"
"8SAV","2023-04-02","4"
"8SAW","2023-04-02","3.3"
"8SAX","2023-04-02","4"
"8SAY","2023-04-02","3.4"
"8SAZ","2023-04-02","3.9"
"8SB0","2023-04-02","4.2"
"8SB1","2023-04-02","4.3"
"8SB2","2023-04-02","3.5"
"8SB3","2023-04-02","4.1"
"8SB4","2023-04-02","3.6"
"8SB5","2023-04-02","3.9"
"8SGN","2023-04-12","2.2"
"8SGO","2023-04-12","2.65"
"8SIC","2023-04-14","2.76"
"8SM0","2023-04-25","1.68"
"8SM1","2023-04-25","3.29"
"8SMI","2023-04-26","3.5"
"8SMT","2023-04-26","3.16"
"8SUO","2023-05-12","3.3"
"8SW7","2023-05-17","3.73"
"8SWH","2023-05-18","3.88"
"8SWV","2023-05-19","3.37"
"8SWW","2023-05-19","3.4"
"8SWX","2023-05-19","3.9"
"8SX3","2023-05-19","4"
"8SXI","2023-05-22","4.5"
"8SXJ","2023-05-22","4"
"8SZY","2023-05-30","2.31"
"8T12","2023-06-01","3.34"
"8T13","2023-06-01","3.45"
"8T1G","2023-06-02","3.5"
"8T49","2023-06-08","3.2"
"8T4A","2023-06-08","3.4"
"8T4B","2023-06-08","3.5"
"8T4D","2023-06-09","3.1"
"8T4L","2023-06-09","3.2"
"8T5C","2023-06-13","4.7"
"8T7A","2023-06-20","2.8"
"8T9Z","2023-06-26","2.995"
"8TBQ","2023-06-29","2.593"
"8TCO","2023-07-02","2.8"
"8TGO","2023-07-12","5.75"
"8TH3","2023-07-13","3"
"8TH4","2023-07-13","3.3"
"8TJN","2023-07-23","3.73"
"8TJO","2023-07-23","3.61"
"8TJR","2023-07-24","3.29"
"8TJS","2023-07-24","3.31"
"8TKC","2023-07-25","3.1"
"8TL2","2023-07-26","3.2"
"8TL3","2023-07-26","3.1"
"8TL4","2023-07-26","3.2"
"8TL5","2023-07-26","3.3"
"8TM1","2023-07-27","2.79"
"8TMA","2023-07-29","3.2"
"8TMY","2023-07-31","3.07"
"8TMZ","2023-07-31","1.8"
"8TNG","2023-08-01","3.58"
"8TNH","2023-08-01","3.32"
"8TNI","2023-08-01","3.61"
"8TNL","2023-08-02","3.62"
"8TNU","2023-08-02","3.36"
"8TO7","2023-08-03","3.39"
"8TO9","2023-08-03","4.03"
"8TOA","2023-08-03","3.69"
"8TOP","2023-08-03","3.52"
"8TP2","2023-08-04","3.1"
"8TP3","2023-08-04","3.6"
"8TP4","2023-08-04","3.3"
"8TP5","2023-08-04","2.9"
"8TP6","2023-08-04","3.1"
"8TP7","2023-08-04","2.8"
"8TP9","2023-08-04","3.1"
"8TPA","2023-08-04","3"
"8TQ1","2023-08-06","3.3"
"8TQI","2023-08-07","3.24"
"8TQK","2023-08-07","3.2"
"8TR3","2023-08-09","3.74"
"8TRS","2023-08-10","1.9"
"8TRT","2023-08-10","3"
"8TRV","2023-08-10","3.25"
"8TS5","2023-08-10","2.1"
"8TTF","2023-08-13","3.61"
"8TTH","2023-08-13","3.54"
"8TV1","2023-08-17","2.6"
"8TV2","2023-08-17","2.65"
"8TV5","2023-08-17","4.6"
"8TVD","2023-08-18","3.077"
"8TVH","2023-08-18","3.6"
"8TVJ","2023-08-18","3.168"
"8TW3","2023-08-19","2.9"
"8TXM","2023-08-23","3.25"
"8TXP","2023-08-24","2.75"
"8TXT","2023-08-24","3.19"
"8TY7","2023-08-24","3.21"
"8TYC","2023-08-24","3.3"
"8TYE","2023-08-25","3.8"
"8TZY","2023-08-28","3.8"
"8TZZ","2023-08-28","3.56"
"8U31","2023-09-07","2.73"
"8U32","2023-09-07","2.51"
"8U3Y","2023-09-08","3.1"
"8U44","2023-09-08","3.41"
"8U4Q","2023-09-11","3.36"
"8U4R","2023-09-11","3.1"
"8U4S","2023-09-11","3.35"
"8U4T","2023-09-11","3.38"
"8U5L","2023-09-12","2.7"
"8U9Y","2023-09-20","3.7"
"8UCD","2023-09-26","3"
"8UDG","2023-09-28","4.98"
"8UDZ","2023-09-29","2.21"
"8UG9","2023-10-05","3.49"
"8ULH","2023-10-16","1.69"
"8ULJ","2023-10-16","3"
"8ULK","2023-10-16","4.28"
"8US0","2023-10-27","3.7"
"8UT3","2023-10-30","2.8"
"8UT4","2023-10-30","3.3"
"8UT5","2023-10-30","3.5"
"8UT6","2023-10-30","2.8"
"8UT7","2023-10-30","2.7"
"8UT8","2023-10-30","3.2"
"8UT9","2023-10-30","3.3"
"8UWA","2023-11-06","4.02"
"8V4F","2023-11-29","2.68"
"8V5A","2023-11-30","3"
"8V5K","2023-11-30","2.6"
"8V62","2023-12-01","3.4"
"8V7O","2023-12-04","3.57"
"8V91","2023-12-07","2.6"
"8V93","2023-12-07","3.12"
"8V9D","2023-12-07","2.9"
"8VCV","2023-12-14","2.8"
"8VE8","2023-12-18","2.8"
"8VFV","2023-12-22","3.3"
"8VGN","2023-12-27","2.5"
"8VGO","2023-12-27","2.6"
"8VGV","2023-12-29","3.6"
"8VGW","2023-12-29","3.9"
"8VH1","2023-12-30","4.08"
"8VH2","2023-12-30","4.31"
"8VIF","2024-01-04","3.1"
"8VKE","2024-01-09","3.1"
"8VKK","2024-01-09","2.81"
"8VKL","2024-01-09","2.91"
"8VKM","2024-01-09","2.83"
"8VKN","2024-01-09","2.93"
"8VKO","2024-01-09","2.68"
"8VKP","2024-01-09","2.77"
"8VUJ","2024-01-29","3.92"
"8VUL","2024-01-29","3.83"
"8VUN","2024-01-29","4.01"
"8VUQ","2024-01-29","3.85"
"8VUR","2024-01-29","3.84"
"8VUS","2024-01-29","3.99"
"8VUT","2024-01-29","3.7"
"8VUU","2024-01-29","4.05"
"8VUV","2024-01-29","3.69"
"8VVK","2024-01-31","2.61"
"8VVL","2024-01-31","1.8"
"8VWW","2024-02-02","3.9"
"8VYE","2024-02-08","2.7"
"8VYF","2024-02-08","3.2"
"8VYG","2024-02-08","3.1"
"8VYM","2024-02-09","3.4"
"8VYN","2024-02-09","2.8"
"8W0V","2024-02-14","2.59"
"8W0W","2024-02-14","2.13"
"8W0X","2024-02-14","3.12"
"8W0Y","2024-02-14","3.31"
"8W2Z","2024-02-21","3.37"
"8W4F","2023-08-24","4.2"
"8W90","2023-09-04","1.81"
"8WLJ","2023-09-30","3.6"
"8WNP","2023-10-06","3.1"
"8WNU","2023-10-06","3.8"
"8WO4","2023-10-06","2.8"
"8WPW","2023-10-10","2.49"
"8WPY","2023-10-10","3.02"
"8WSN","2023-10-17","2.8"
"8WSP","2023-10-17","2.51"
"8WSU","2023-10-17","3.3"
"8X0T","2023-11-06","2.5"
"8X0X","2023-11-06","3.45"
"8X0Y","2023-11-06","1.94"
"8X16","2023-11-06","3.29"
"8X3L","2023-11-14","3.13"
"8XC4","2023-12-08","3.24"
"8XCD","2023-12-08","3.49"
"8XE9","2023-12-11","3.3"
"8XEA","2023-12-11","3.42"
"8XEF","2023-12-11","4.41"
"8XGO","2023-12-15","2.68"
"8XGS","2023-12-15","2.95"
"8XGU","2023-12-15","3"
"8XI6","2023-12-19","2.3"
"8XIO","2023-12-19","2.65"
"8XIP","2023-12-19","3.29"
"8XK2","2023-12-22","3.4"
"8XKC","2023-12-23","2.18"
"8XKE","2023-12-23","1.92"
"8XKI","2023-12-23","3.2"
"8XN9","2023-12-29","1.99"
"8XNH","2023-12-30","2.3"
"8XOF","2024-01-01","2.6"
"8XOG","2024-01-01","2.9"
"8XOH","2024-01-01","3.2"
"8XOI","2024-01-01","3.2"
"8XOJ","2024-01-01","3.1"
"8XS3","2024-01-08","3.46"
"8XSE","2024-01-09","2.5"
"8XSI","2024-01-09","2.1"
"8XSL","2024-01-09","3.2"
"8XVU","2024-01-15","3.09"
"8XWA","2024-01-16","3.48"
"8XWF","2024-01-16","3.65"
"8XWM","2024-01-16","3.71"
"8XWN","2024-01-16","3.29"
"8XWS","2024-01-16","3.06"
"8XX3","2024-01-17","3.38"
"8XX6","2024-01-17","2.99"
"8XX7","2024-01-17","3.32"
"8XXH","2024-01-18","2.8"
"8XXR","2024-01-18","3.17"
"8XXW","2024-01-19","3.03"
"8XXX","2024-01-19","3.17"
"8Y3O","2024-01-29","2.75"
"8Y3P","2024-01-29","3.48"
"8Y3Q","2024-01-29","2.98"
"8Y3R","2024-01-29","3.48"
"8Y4A","2024-01-30","3.4"
"8Y4C","2024-01-30","3.75"
"8Y4W","2024-01-31","3.16"
"8Y4X","2024-01-31","3.2"
"8Y53","2024-01-31","2.93"
"8Y6A","2024-02-02","2.72"
"8YHZ","2024-02-28","1.62"
"8YJ5","2024-03-01","3.66"
"8YJ7","2024-03-01","2.8"
"8YJ8","2024-03-01","1.65"
"8YKV","2024-03-05","2.48"
"8YKW","2024-03-05","2.75"
"8YKX","2024-03-05","2.69"
"8YRO","2024-03-21","3.27"
"8YRP","2024-03-21","3.64"
"8YUT","2024-03-27","2.7"
"8YUU","2024-03-27","2.7"
"8YUV","2024-03-27","3"
"8YWA","2024-03-30","3.14"
"8YWW","2024-04-01","2.7"
"8YWX","2024-04-01","3.4"
"8YXI","2024-04-02","2.4"
"8YZ5","2024-04-06","3.93"
"8YZ6","2024-04-06","4.55"
"8ZBE","2024-04-26","3.24"
